[
  {"title":"账号相关",
    "parentBeans":[
      {"parentTitle":"如何注册？","childBeans":{"des":"  打开我公司的网站后，点击登录区的注册，如实填写您的资料信息，确认送出后即可完成注册。",
        "stepBean":[],
        "tipsBean":[]}},
      {"parentTitle":"如何登录玩家中心？","childBeans":{"des":"  在我公司网站页面顶端登录区输入正确的账号及密码后，即可登录。",
        "stepBean":[],
        "tipsBean":[] }},
      {"parentTitle":"如何成为代理？","childBeans":{"des":"  根据上级生成的代理注册链接点击注册或者上级直接新建代理账号即可成为代理。",
        "stepBean":[],
        "tipsBean":[] }},
      {"parentTitle":"成为代理都有哪些好处？","childBeans":{"des":"",
        "stepBean":[{"step":"  1.代理可以发展直属下级如会员和代理；","childStepBean":[]},{"step":"  2.代理根据下级团队的投注情况，存款情况，盈亏情况可以赚取日工资和分红；","childStepBean":[]},{"step":"  3.代理有自己专有的团队管理模块，不管是PC或者移动端，随时随地管理直属下级，查看团队游戏资金数据。","childStepBean":[]}],
        "tipsBean":[] }},
      {"parentTitle":"登录时密码提示错误，我该怎么办？","childBeans":{"des":"",
        "stepBean":[{"step":"  首先请您再次确认输入的密码是否正确，必须是6-16个字符（由大小写英文字母、数字和特殊符号组成）。 ","childStepBean":[]},{"step":"  若确认后仍提示错误，建议您通过自助流程找回密码。或者，您也可以联系在线客服协助您找回密码。","childStepBean":[]}],
        "tipsBean":[]}},
      {"parentTitle":"我可以注册多个账号吗？","childBeans":{"des":"  不可以。每位玩家只允许注册一次，不接受同一玩家多次注册。若发现玩家注册有多个账号，我公司将有权终止该玩家进行游戏，并封存帐户及所有于游戏中赚取的红利。",
        "stepBean":[],
        "tipsBean":[] }},
      {"parentTitle":"我想删除/注销我的账号可以吗？","childBeans":{"des":"  我公司不会以任何理由注销玩家账号。您可联系在线客服申请停用账号，以停止其账号的使用。",
        "stepBean":[],
        "tipsBean":[] }},
      {"parentTitle":"如何找回资金密码？","childBeans":{"des":"  可以通过会员中心->安全中心修改资金密码；若忘记资金密码，请联系在线客服协助您取回",
        "stepBean":[],
        "tipsBean":[] }}
    ]},
  {"title":"银行卡绑定",
    "parentBeans":[
      {"parentTitle":"如何绑定银行卡？","childBeans":{"des":"  具体操作流程如下：",
        "stepBean":[{"step":"  (1)登录玩家中心后，依次点选 “会员中心->存款”；","childStepBean":[]},{"step":"  (2)根据页面提示填写相关银行卡信息；","childStepBean":[]},{"step":"  (3)确认信息无误后，点击“确认”即可完成绑定。","childStepBean":[]}],
        "tipsBean":[] }},
      {"parentTitle":"所有类型的银行卡都可以绑定吗？","childBeans":{"des":"  不可以！我公司目前仅支持绑定借记卡，信用卡暂不支持使用。",
        "stepBean":[],
        "tipsBean":[] }},
      {"parentTitle":"我可以绑定多张银行卡吗？","childBeans":{"des":"  不可以！一个玩家账户仅支持绑定一张银行卡，且绑定的银行卡账户名必须与玩家的真实姓名一致。",
        "stepBean":[],
        "tipsBean":[] }},
      {"parentTitle":"如何更换已绑定的银行卡？","childBeans":{"des":"  为确保玩家账户资金安全，银行卡一旦设置成功后不可自行修改！若您需要更换已绑定的银行卡，请联系在线客服协助您进行修改。",
        "stepBean":[],
        "tipsBean":[{"tipTitle":"  温馨提示：","tipDesBean":[{"tipDes":"  由于玩家绑定的银行卡账户名与您填写的真实姓名不一致，而导致出款失败或延迟，请玩家自行负责！"}]}]

      }}
    ]
  },
  {"title":"存款相关",
    "parentBeans":[
      {"parentTitle":"什么是存款稽核？为什么要进行稽核？如何计算？","childBeans":{"des":"  防止部分玩家利用我公司进行洗钱等非法资金操作，是本公司进行存款稽核的唯一目的！",
        "stepBean":[{"step":"  其中： 存款稽核指的是玩家的“有效交易量”需达到存款金额的N倍，取款时才不会被扣行政费。","childStepBean":[]},{"step":"  计算公式：存款稽核点=存款金额 * 存款稽核倍数（以实际业务为准）；","childStepBean":[]},{"step":"  【举例】若存款稽核倍数为1倍，当某玩家存款1000，则取款时有效投注额（存款稽核点）必须为1000[1000 * 1]以上出款，才不被扣除行政费。","childStepBean":[]}],
        "tipsBean":[{"tipTitle":"  温馨提示：","tipDesBean":[{"tipDes":"  各游戏和局/未接受/取消注单，不纳入有效投注计算，如有任何问题，请您及时联系在线客服！"}]}] }},
      {"parentTitle":"什么是优惠稽核？为什么要进行稽核？如何计算？","childBeans":{"des":"  我公司将不定期发布优惠活动，以回馈广大新老玩家对我们的支持与信任！但为避免部分玩家以套利为目的参与活动，取款前，须对所有参与活动的玩家进行优惠稽核。",
        "stepBean":[{"step":"  其中：优惠稽核指的是玩家通过优惠活动（含返水），“推荐”获得优惠，若取款时有效交易量未达到优惠稽核点，获得的优惠金额将被扣回。","childStepBean":[]},{"step":"  计算公式：优惠稽核点=（存款金额+优惠金额）* 优惠稽核倍数（以实际业务为准）","childStepBean":[]},{"step":"  PS:若玩家获得的优惠与存款无关联时，则直接按优惠金额*优惠稽核倍数来算即可。","childStepBean":[]}],
        "tipsBean":[{"tipTitle":"","tipDesBean":[{"tipDes":"  【举例1】若优惠稽核倍数为1倍，当B玩家参与了存1000送500的优惠活动，则取款时有效投注额必须为1500[(1000+500) * 1]以上出款，才不被扣除获得的优惠金额。"}]},{"tipTitle":"","tipDesBean":[{"tipDes":"  【举例2】若优惠稽核倍数为1倍，当B玩家通过推荐好友获得优惠金额1000，则取款时有效投注额必须为1000[1000* 1]以上出款，优惠金额才不被扣除。"}]}
        ]
      }},
      {"parentTitle":"未通过稽核可以取款吗？","childBeans":{"des":"  取款时，若您的取款金额未通过稽核，您仍可以选择继续取款，但我公司将按一定比例向您收取该笔出款金额的行政费，我们强烈建议您通过稽核后再进行取款。",
        "stepBean":[],
        "tipsBean":[]}}
    ]
  },
  {"title":"取款相关",
    "parentBeans":[
      {"parentTitle":"如何取款？","childBeans":{"des":"  取款流程如下所示：",
        "stepBean":[{"step":"  1)登录玩家中心后，进入存款专区；","childStepBean":[]},{"step":"  2)输入取款金额并确认收款账号无误后，请点击“申请取款”按钮；","childStepBean":[]},{"step":"  3)请输入安全密码；","childStepBean":[]},{"step":"  4)核对本次取款是否通过存款稽核以及优惠稽核（若未参加优惠，则无需进行优惠稽核）；","childStepBean":[]},{"step":"  5)审核通过后，即可完成出款。","childStepBean":[]}],
        "tipsBean":[{"tipTitle":"  温馨提示：","tipDesBean":[{"tipDes":"  1)首次取款时，玩家必须先绑定取款银行卡，且该账号必须是玩家本人的银行帐号；"},{"tipDes":"  2)取款过程中，如有任何疑问，请及时联系在线客服。"}]}]

      }},
      {"parentTitle":"取款多久可以到账？","childBeans":{"des":"  财务进行转账后，一般3-5分钟到账，最晚30分钟内到账，请耐心等待！若长时间未到账，您可联系在线客服查询出款进度。",
        "stepBean":[],
        "tipsBean":[]

      }},
      {"parentTitle":"可以取消取款申请吗？","childBeans":{"des":"  取款时，若未通过稽核，您可选择放弃取款申请。若审核通过后，您仍想取消，请及时联系在线客服处理。",
        "stepBean":[],
        "tipsBean":[]

      }},
      {"parentTitle":"我已经申请取款了，为何一直没有收到款？","childBeans":{"des":"  取款申请审核通过后，一般会在2小时内为您进行线下转账。若逾时仍未收到款项，则可能是取款银行帐号数据有误或银行帐号小额管理费未缴等问题所造成的。财务人员在无法出款时都会及时进行通知，若玩家未填写有效的联络方式也会造成财务无法联系的情况发生，请您务必保持正确有效的联系信息。同时，您也可随时联系在线客服，了解最新进度。",
        "stepBean":[],
        "tipsBean":[]

      }}
    ]
  },
  {"title":"优惠活动相关",
    "parentBeans":[
      {"parentTitle":"什么是优惠活动？","childBeans":{"des":"  本公司将不定期地推出形式多样的优惠活动，以回馈广大新老玩家的支持与厚爱。当您申领优惠并审核通过后，即可获得该活动相应的优惠奖励！",
        "stepBean":[],
        "tipsBean":[]

      }}, {"parentTitle":"如何申领参加优惠活动？","childBeans":{"des":"",
        "stepBean":[{"step":"  步骤一：申领活动","childStepBean":[{"childStep":"  1)登录后，请点击导航中 “优惠活动”频道；"},{"childStep":"  2)选择进行中的活动，并点击“立即加入”按钮；"},{"childStep":"  3)申请成功后，系统将会弹窗提示操作成功"}]},

          {"step":"  步骤二：等待审核","childStepBean":[{"childStep":"  活动申领成功后，请耐心等待商户审核；"}]},
          {"step":"  步骤三：查看审核结果","childStepBean":[{"childStep":"  1)商户审核后，审核结果将以站内信的形式通知您，请注意查收；"},{"childStep":"  2)审核通过：优惠金额将立即转入您的账户；"},{"childStep":"  3)审核失败：不发放优惠，您可联系在线客服，了解失败的原因。"}]}],
        "tipsBean":[{"tipTitle":"  温馨提示：","tipDesBean":[{"tipDes":"  申请前，您可点击“活动详情”按钮，了解具体活动内容；"},{"tipDes":"  存款相关的优惠活动，请在存款时直接参与；"},{"tipDes":"  请及时参与注册送活动，若超时未领取，则视为放弃该优惠；"},{"tipDes":"  申领周期内，若您已成功取款或有一笔取款订单正在审核中，则不可参加救济金类的活动；"}]}]

      }}, {"parentTitle":"活动申领时间和活动时间有什么区别？","childBeans":{"des":"",
        "stepBean":[],
        "tipsBean":[{"tipTitle":"","tipDesBean":[{"tipDes":"  1)活动时间指该活动开始至结束的时间；"},{"tipDes":"  2)活动申领时间指将整个活动时间，划分为单个或多个周期；每个周期内，玩家仅可申领一次优惠活动； 如活动时间为2016-01-01~2016-02-29，以一个月为一个周期，则：1月份和2月份，您分别可申领一次优惠活动；当您在2016-01-01~2016-01-31期间申领活动后，则页面将立即显示下次申领的时间（2016-02-01~2016-02-29）。 若申领周期内未参与活动，则视为放弃该周期的优惠。"}]}]

      }}, {"parentTitle":"为什么有些活动我没有参加，页面却显示为“参与中”？","childBeans":{"des":"  这些是返水优惠活动，当您进行游戏投注后，系统将返还您一定的金额，此为本公司为您提供的专属福利，您无需手动参与，系统将自动为您申领。返水结算后，返水金额将立即发放至您的账户。",
        "stepBean":[],
        "tipsBean":[]
      }}, {"parentTitle":"为什么我的优惠活动页面没有显示任何的活动？","childBeans":{"des":"  您当前暂无可参与的优惠活动。本公司优惠活动正在紧张筹划中，更多精彩，敬请关注！",
        "stepBean":[],
        "tipsBean":[]
      }}, {"parentTitle":"什么是优惠稽核倍数？有什么影响？","childBeans":{"des":"  玩家通过优惠活动（含返水优惠）获得优惠，若取款时，有效交易量未达到优惠稽核点，获得的优惠金额将被扣回。",
        "stepBean":[{"step":"  PS:优惠稽核点=（存款金额+优惠金额）×优惠稽核倍数","tipDesBean":[]}],
        "tipsBean":[]
      }}
    ]
  }
]