[
  {
    "key": "special",
    "value": {
      "explain": "特码指的是当期开奖号码中的最后一码，任意选择一个号码组成一注，若与当期的特码相同则中奖。",
      "scheme": "投注方案：45",
      "simple": "开奖号码：01，02，03，04，05，06，45(下注号码包含开奖号码最后一位)，即中奖"
    }
  },
  {
    "key": "special_no_digital",
    "value": {
      "explain": "特码大小：开出之特码大于或等于25为特码大，小 于或等于24为特码小，其中49为和，退还本金。\n特码单双：特码为双数叫特双，特码为单数叫特单，其中49为和，退还本金。\n特码合数单双：指开出的特码的个位数加上十位数之和为奇数称合数单，之和为偶称合数双，其中49为和，退还本金；\n家禽、野兽：家禽包括：牛、马、羊、鸡、狗、猪；野兽包括：鼠、虎、兔、龙、蛇、猴。\n特码尾数大小：特尾小：特码开出的号码的尾数0-4；特尾大：特码开出的号码的尾数5-9，开出49为和。\n波色：是当期特码所属的颜色。",
      "scheme": "投注方案：单",
      "simple": "开奖号码：01，02，03，04，05，06，45(下注号码包含开奖号码最后一位)，即中奖"
  }
  },
  {
    "key": "positive",
    "value": {
      "explain": "正码指当期开奖的前6个号码叫正码。第一时间出来的叫正码1，依次叫正码2、正码3…正码6，不以大小排序。当期下注的号码在开奖号码中的正码中存在，则中奖。",
      "scheme": "投注方案：45",
      "simple": "开奖号码：01，02，03，45，04，05，06(开奖号码前6个号码包含下注号码)，即中奖"
    }
  },
  {
    "key": "positive_no_digital",
    "value": {
      "explain": "总分大小指所有七个开奖号码的分数总和大于或等于175为总分大，分数总和小于或等于174为总分小；\n总分单双指所有七个开奖号码的分数总和是单数叫总分单(总单)，分数总和是双数叫总分双(总双)；",
      "scheme": "投注方案：总单",
      "simple": "开奖号码：01，02，03，04，05，06，08(七个开奖号码和值为单)，即中奖"
    }
  },
  {
    "key": "positive_one_big_small",
    "value": {
      "explain": "正码一大小：开出之正码一大于或等于25为正码一大，小于或等于24为正码一小，其中49为和，退还本金。\n正码单双：正码一为双数叫双，正码一为单数叫单，其中49为和，退还本金。\n正码一合数单双：指开出的正码一的个位数加上十位数之和为奇数称合数单，之和为偶称合数双，其中49为和，退还本金。\n正码一尾数大小：尾小：正码一开出的号码的尾数0-4；尾大：正码一开出的号码的尾数5-9，开出49为和，退还本金。\n波色：是当期正码一所属的颜色。",
      "scheme": "投注方案：单",
      "simple": "开奖号码：01，03，05，07，09，11，13(开奖号码的第1位为单)，即中奖"
    }
  },
  {
    "key": "positive_two_big_small",
    "value": {
      "explain": "正码二大小：开出之正码二大于或等于25为正码二大，小于或等于24为正码二小，其中49为和，退还本金。\n正码单双：正码二为双数叫双，正码二为单数叫单，其中49为和，退还本金。\n正码二合数单双：指开出的正码二的个位数加上十位数之和为奇数称合数单，之和为偶称合数双，其中49为和，退还本金。\n正码二尾数大小：尾小：正码二开出的号码的尾数0-4；尾大：正码二开出的号码的尾数5-9，其中49为和，退还本金。\n波色：是当期正码二所属的颜色。",
      "scheme": "投注方案：单",
      "simple": "开奖号码：01，02，03，45，04，05，06(开奖号码的第2位为单)，即中奖"
    }
  },
  {
    "key": "positive_three_big_small",
    "value": {
      "explain": "正码三大小：开出之正码三大于或等于25为正码三大，小于或等于24为正码三小，其中49为和，退还本金。\n正码单双：正码三为双数叫双，正码三为单数叫单，其中49为和，退还本金。\n正码三合数单双：指开出的正码三的个位数加上十位数之和为奇数称合数单，之和为偶称合数双，其中49为和，退还本金。\n正码三尾数大小：尾小：正码三开出的号码的尾数0-4；尾大：正码三开出的号码的尾数5-9，开出49为和，退还本金。\n波色：是当期正码三所属的颜色。",
      "scheme": "投注方案：单",
      "simple": "开奖号码：01，02，03，45，04，05，06(开奖号码的第3位为单)，即中奖"
    }
  },
  {
    "key": "positive_four_big_small",
    "value": {
      "explain": "正码四大小：开出之正码四大于或等于25为正码四大，小于或等于24为正码四小，其中49为和，退还本金。\n正码单双：正码四为双数叫双，正码四为单数叫单，其中49为和，退还本金。\n正码四合数单双：指开出的正码四的个位数加上十位数之和为奇数称合数单，之和为偶称合数双，其中49为和，退还本金。\n正码四尾数大小：尾小：正码四开出的号码的尾数0-4；尾大：正码四开出的号码的尾数5-9，开出49为和，退还本金。\n波色：是当期正码四所属的颜色。",
      "scheme": "投注方案：单",
      "simple": "开奖号码：01，02，03，45，04，05，06(开奖号码的第4位为单)，即中奖"
    }
    
  },
  {
    "key": "positive_five_big_small",
    "value":{
      "explain": "正码五大小：开出之正码五大于或等于25为正码五大，小于或等于24为正码五小，其中49为和，退还本金。\n正码单双：正码五为双数叫双，正码五为单数叫单，其中49为和，退还本金。\n正码五合数单双：指开出的正码五的个位数加上十位数之和为奇数称合数单，之和为偶称合数双，其中49为和，退还本金。\n正码五尾数大小：尾小：正码五开出的号码的尾数0-4；尾大：正码五开出的号码的尾数5-9，开出49为和，退还本金。\n波色：是当期正码五所属的颜色。",
      "scheme": "投注方案：单",
      "simple": "开奖号码：01，02，03，45，04，05，06(开奖号码的第5位为单)，即中奖"
    } 
  },
  {
    "key": "positive_six_big_small",
    "value": {
      "explain": "正码六大小：开出之正码六大于或等于25为正码六大，小于或等于24为正码六小，其中49为和，退还本金。\n正码单双：正码六为双数叫双，正码六为单数叫单，其中49为和，退还本金。\n正码六合数单双：指开出的正码六的个位数加上十位数之和为奇数称合数单，之和为偶称合数双，其中49为和，退还本金。\n正码六尾数大小：尾小：正码六开出的号码的尾数0-4；尾大：正码六开出的号码的尾数5-9，开出49为和，退还本金。\n波色：是当期正码六所属的颜色。",
      "scheme": "投注方案：单",
      "simple": "开奖号码：01，02，03，45，04，05，06(开奖号码的第6位为单)，即中奖"
    }
  },
  {
    "key": "positive_first",
    "value":{
      "explain": "任意选择一个号码组成一组，若当期正码第一位开出的号码与下注号码一致，即中奖。",
      "scheme": "投注方案：1",
      "simple": "开奖号码：01，02，03，45，04，05，06(下注号码包含开奖号码的第1位)，即中奖"
    }
  },
  {
    "key": "positive_second",
    "value":{
      "explain": "任意选择一个号码组成一组，若当期正码第二位开出的号码与下注号码一致，即中奖。",
      "scheme": "投注方案：02",
      "simple": "开奖号码：01，02，03，45，04，05，06(下注号码包含开奖号码的第2位)，即中奖"
    }
  },
  {
    "key": "positive_third",
    "value":{
      "explain": "任意选择一个号码组成一组，若当期正码第三位开出的号码与下注号码一致，即中奖。",
      "scheme": "投注方案：03",
      "simple": "开奖号码：01，02，03，45，04，05，06(下注号码包含开奖号码的第3位)，即中奖"
    }
  },
  {
    "key": "positive_fourth",
    "value":{
      "explain": "任意选择一个号码组成一组，若当期正码第四位开出的号码与下注号码一致，即中奖。",
      "scheme": "投注方案：45",
      "simple": "开奖号码：01，02，03，45，04，05，06(下注号码包含开奖号码的第4位)，即中奖"
    }
  },
  {
    "key": "positive_fifth",
    "value":{
      "explain": "任意选择一个号码组成一组，若当期正码第五位开出的号码与下注号码一致，即中奖。",
      "scheme": "投注方案：04",
      "simple": "开奖号码：01，02，03，45，04，05，06(下注号码包含开奖号码的第5位)，即中奖"
    }
  },
  {
    "key": "positive_sixth",
    "value":{
      "explain": "任意选择一个号码组成一组，若当期正码第六位开出的号码与下注号码一致，即中奖。",
      "scheme": "投注方案：05",
      "simple": "开奖号码：01，02，03，45，04，05，06(下注号码包含开奖号码的第6位)，即中奖"
    }
  },
  {
    "key": "half_color_red",
    "value":{
      "explain": "以特码红波和特码单双大小为一个投注组合，当开出特码符合投注组合，即视为中奖。",
      "scheme": "投注方案：红单",
      "simple": "开奖号码：01，02，04，03，05，06，45(开奖号码最后一位是红波且号码是单数)，即中奖"
    }
  },
  {
    "key": "half_color_blue",
    "value":{
      "explain": "以特码蓝波和特码单双大小为一个投注组合，当开出特码符合投注组合，即视为中奖。",
      "scheme": "投注方案：蓝单",
      "simple": "开奖号码：01，02，04，03，05，06，45(开奖号码最后一位是蓝波且号码是单数)，即中奖"
    }
  },
  {
    "key": "half_color_green",
    "value": {
      "explain": "以特码绿波和特码单双大小为一个投注组合，当开出特码符合投注组合，即视为中奖。",
      "scheme": "投注方案：绿单",
      "simple": "开奖号码：01，02，04，03，05，06，45(开奖号码最后一位是绿波且号码是单数)，即中奖"
    }
  },

  {
    "key": "positive_animal",
    "value": {
      "explain": "当期开奖的前6位对应的生肖是投注选择的生肖，即为中奖，否则为不中奖。",
      "scheme": "投注方案：牛",
      "simple": "开奖号码：01，02，04，03，05，06，45(开奖号码前6位所属的生肖包含下注生肖)，即中奖"
    }
  },
  {
    "key": "special_animal",
    "value": {
      "explain": "当期开奖的特码对应的生肖是投注选择的生肖，即为中奖，否则为不中奖。",
      "scheme": "投注方案：牛",
      "simple": "开奖号码：01，02，04，03，05，06，45(开奖号码最后一位所属的生肖包含下注生肖)，即中奖"
    }
  },
  {
    "key": "lhc_three_all_in",
    "value": {
      "explain": "每三个号码为一组合，若三个号码都是开奖号码之正码，视为中奖，其余情形视为不中奖。",
      "scheme": "投注方案：01,02,05",
      "simple": "开奖号码：01，02，04，03，05，06，07(前6个开奖号码包含下注号码)，即中奖"
    }
  },
  {
    "key": "lhc_three_in_two",
    "value": {
      "explain": "所投注的每三个号码为一组合，若其中2个是开奖号码中的正码，视为中奖，叫三中二；若3个都是开奖号码中的正码，叫三中二之中三，其余情形视为不中奖。",
      "scheme": "投注方案：01，02，49",
      "simple": "开奖号码：01，02，04，03，05，06，07(前6个开奖号码包含2个下注号码)，即中三中二"
    }
  },
  {
    "key": "lhc_two_all_in",
    "value": {
      "explain": "每二个码号为一组合，二个号码都是开奖码号之正码，视为中奖，其余情形视为不中奖（含一个正码加一个特别号码之情形）。",
      "scheme": "投注方案：01，02",
      "simple": "开奖号码：01，02，04，03，05，06，07(前6个开奖号码包含下注号码)，即中奖"
    }
  },
  {
    "key": "lhc_two_in_special",
    "value": {
      "explain": "每二个号码为一组合，二个号码都是开奖号码之正码，叫二中特之二中；若其中一个是正码，一个是特别号码，叫二中特之中特；其余情形视为不中奖。",
      "scheme": "投注方案：01，49",
      "simple": "开奖号码：01，02，04，03，05，06，49(前6个开奖号码包含1个下注号码且下注号码包含特码)，即中二中特"
    }
  },
  {
    "key": "lhc_four_all_in",
    "value": {
      "explain": "每四个号码为一组合，四个号码都是开奖号码之正码，即中奖,至少选择4个号码。",
      "scheme": "投注方案：01，02，03，04",
      "simple": "开奖号码：01，02，04，03，05，06，49(前6个开奖号码包含下注号码)，即中奖"
    }
  },
  {
    "key": "lhc_special_strand",
    "value": {
      "explain": "每二个号码为一组合，其中一个是正码，一个是特别号码，视为中奖，其余情形视为不中奖（含二个号码都是正码之情形）。",
      "scheme": "投注方案：01，06",
      "simple": "开奖号码：01，02，04，03，05，06，49(前6个开奖号码包含1个下注号码且下注号码包含特码)，即中二中特"
    }
  },

  {
    "key": "lhc_five_no_in",
    "value": {
      "explain": "  所投注的每五个号码为一注，每注的五个号码中如果没有当期开奖的所有7个号码中的任意一个，则视为中奖，否则视为不中奖。每个号码都有自己的赔率，下注组合的总赔率，取该组合号码的最低赔率为赔率。",
      "scheme": "投注方案：11，12，13，14，15",
      "simple": "开奖号码：01，02，04，03，05，06，45(开奖号码不包含任意一个下注号码)，即五不中"
    }
  },
  {
    "key": "lhc_six_no_in",
    "value": {
      "explain": "所投注的每六个号码为一注，每注的六个号码中如果没有当期开奖的所有7个号码中的任意一个，则视为中奖，否则视为不中奖。每个号码都有自己的赔率，下注组合的总赔率，取该组合号码的最低赔率为赔率。",
      "scheme": "投注方案：11，12，13，14，15，16",
      "simple": "开奖号码：01，02，04，03，05，06，45(开奖号码不包含任意一个下注号码)，即六不中"
    }
  },
  {
    "key": "lhc_seven_no_in",
    "value": {
      "explain": "所投注的每七个号码为一注，每注的七个号码中如果没有当期开奖的所有7个号码中的任意一个，则视为中奖，否则视为不中奖。每个号码都有自己的赔率，下注组合的总赔率，取该组合号码的最低赔率为赔率。",
      "scheme": "投注方案：11，12，13，14，15，16，17",
      "simple": "开奖号码：01，02，04，03，05，06，45(开奖号码不包含任意一个下注号码)，即七不中"
    }
  },
  {
    "key": "lhc_eight_no_in",
    "value": {
      "explain": "所投注的每八个号码为一注，每注的八个号码中如果没有当期开奖的所有7个号码中的任意一个，则视为中奖，否则视为不中奖。每个号码都有自己的赔率，下注组合的总赔率，取该组合号码的最低赔率为赔率。",
      "scheme": "投注方案：11，12，13，14，15，16，17，18",
      "simple": "开奖号码：01，02，04，03，05，06，45(开奖号码不包含任意一个下注号码)，即八不中"
    }
  },
  {
    "key": "lhc_nine_no_in",
    "value": {
      "explain": "所投注的每九个号码为一注，每注的九个号码中如果没有当期开奖的所有7个号码中的任意一个，则视为中奖，否则视为不中奖。每个号码都有自己的赔率，下注组合的总赔率，取该组合号码的最低赔率为赔率。",
      "scheme": "投注方案：11，12，13，14，15，16，17，18，19",
      "simple": "开奖号码：01，02，04，03，05，06，45(开奖号码不包含任意一个下注号码)，即九不中"
    }
  },
  {
    "key": "lhc_ten_no_in",
    "value": {
      "explain": "所投注的每十个号码为一注，每注的十个号码中如果没有当期开奖的所有7个号码中的任意一个，则视为中奖，否则视为不中奖。每个号码都有自己的赔率，下注组合的总赔率，取该组合号码的最低赔率为赔率。",
      "scheme": "投注方案：11，12，13，14，15，16，17，18，19，20",
      "simple": "开奖号码：01，02，04，03，05，06，45(开奖号码不包含任意一个下注号码)，即十不中"
    }
  },
  {
    "key": "lhc_eleven_no_in",
    "value": {
      "explain": "所投注的每十一个号码为一注，每注的十一个号码中如果没有当期开奖的所有7个号码中的任意一个，则视为中奖，否则视为不中奖。每个号码都有自己的赔率，下注组合的总赔率，取该组合号码的最低赔率为赔率。",
      "scheme": "投注方案：11，12，13，14，15，16，17，18，19，20，21",
      "simple": "开奖号码：01，02，04，03，05，06，45(开奖号码不包含任意一个下注号码)，即十一不中"
    }
  },
  {
    "key": "lhc_twelve_no_in",
    "value": {
      "explain": "所投注的每十二个号码为一注，每注的十一个号码中如果没有当期开奖的所有7个号码中的任意一个，则视为中奖，否则视为不中奖。每个号码都有自己的赔率，下注组合的总赔率，取该组合号码的最低赔率为赔率。",
      "scheme": "投注方案：11，12，13，14，15，16，17，18，19，20，21，22",
      "simple": "开奖号码：01，02，04，03，05，06，45(开奖号码不包含任意一个下注号码)，即十二不中"
    }
  },
  {
    "key": "lhc_two_mantissa_link",
    "value": {
      "explain": "选择二个尾数为一投注组合进行下注。该注的二个尾数必须在当期开出的7个开奖号码相对应的尾数中，视为中奖。",
      "scheme": "投注方案：1尾，2尾",
      "simple": "开奖号码：01，02，04，03，05，06，49(七个开奖号码的尾数包含下注尾数)，即中二连尾中"
    }
  },
  {
    "key": "lhc_three_mantissa_link",
    "value": {
      "explain": "选择三个尾数为一投注组合进行下注。该注的三个尾数必须在当期开出的7个开奖号码相对应的尾数中，视为中奖",
      "scheme": "投注方案：1尾，2尾，3尾",
      "simple": "开奖号码：01，02，04，03，05，06，49(七个开奖号码的尾数包含下注尾数)，即中三连尾中"
    }

  },
  {
    "key": "lhc_four_mantissa_link",
    "value": {
      "explain": "选择四个尾数为一投注组合进行下注。该注的四个尾数必须在当期开出的7个开奖号码相对应的尾数中，视为中奖",
      "scheme": "投注方案：1尾，2尾，3尾，4尾",
      "simple": "开奖号码：01，02，04，03，05，06，49(七个开奖号码的尾数包含下注尾数)，即中四连尾中"
    }

  },
  {
    "key": "lhc_five_mantissa_link",
    "value": {
      "explain": "选择五个尾数为一投注组合进行下注。该注的五个尾数必须在当期开出的7个开奖号码相对应的尾数中，视为中奖",
      "scheme": "投注方案：1尾，2尾，3尾，4尾，5尾",
      "simple": "开奖号码：01，02，04，03，05，06，49(七个开奖号码的尾数包含下注尾数)，即中五连尾中"
    }

  },
  {
    "key": "lhc_five_mantissa_link",
    "value": {
      "explain": "选择五个尾数为一投注组合进行下注。该注的五个尾数必须在当期开出的7个开奖号码相对应的尾数中，视为中奖",
      "scheme": "投注方案：1尾，2尾，3尾，4尾，5尾",
      "simple": "开奖号码：01，02，04，03，05，06，49(七个开奖号码的尾数包含下注尾数)，即中五连尾中"
    }

  },
  {
    "key": "lhc_two_zodiac_link",
    "value": {
      "explain": "选择二个生肖为一投注组合进行下注。该注的二个生肖必须在当期开出的7个开奖号码相对应的生肖中，视为中奖。每个生肖都有自己的赔率，下注组合的总赔率，取该组合生肖的最低赔率为总赔率。",
      "scheme": "投注方案：龙，蛇",
      "simple": "开奖号码：01，02，04，03，05，06，49(七个开奖号码所属的生肖包含下注生肖)，即中二连肖中"
    }
  },
  {
    "key": "lhc_three_zodiac_link",
    "value": {
      "explain": "选择三个生肖为一投注组合进行下注。该注的三个生肖必须在当期开出的7个开奖号码相对应的生肖中，视为中奖。每个生肖都有自己的赔率，下注组合的总赔率，取该组合生肖的最低赔率为总赔率。",
      "scheme": "投注方案：龙，蛇，马",
      "simple": "开奖号码：01，02，04，03，05，06，49(七个开奖号码所属的生肖包含下注生肖)，即中三连肖中"
    }
  },

  {
    "key": "lhc_four_zodiac_link",
    "value": {
      "explain": "选择四个生肖为一投注组合进行下注。该注的四个生肖必须在当期开出的7个开奖号码相对应的生肖中，视为中奖。每个生肖都有自己的赔率，下注组合的总赔率，取该组合生肖的最低赔率为总赔率。",
      "scheme": "投注方案：龙，蛇，马，羊",
      "simple": "开奖号码：01，02，04，03，05，06，49(七个开奖号码所属的生肖包含下注生肖)，即中四连肖中"
    }
  },
  {
    "key": "lhc_five_zodiac_link",
    "value": {
      "explain": "选择五个生肖为一投注组合进行下注。该注的五个生肖必须在当期开出的7个开奖号码相对应的生肖中，视为中奖。每个生肖都有自己的赔率，下注组合的总赔率，取该组合生肖的最低赔率为总赔率。",
      "scheme": "投注方案：龙，蛇，马，羊，猴",
      "simple": "开奖号码：01，02，04，03，05，06，49(七个开奖号码所属的生肖包含下注生肖)，即中五连肖中"
    }
  },

  {
    "key": "add_animal",
    "value": {
      "explain": "选择N个生肖排列成一组合进行下注。如开奖号码的特码在此组合内，即视为中奖。如果当前特码开出49号，即所有组合皆视为和局",
      "scheme": "投注方案：龙，蛇，马，羊，猴",
      "simple": "开奖号码：01，02，04，03，05，06，49(特码所属的生肖包含下注生肖)，即中和肖"
    }
  }
]
