[{"mPlayBeans":[{"betCode":"k3_tongxuan_santong","isRelation":true,"isSelected":false,"mLayoutBeans":[{"childItemCount":1,"isSelectEqual":true,"itemType":0,"layoutTitle":"三同号","layoutType":0,"mChildLayoutBeans":[{"isSelected":false,"number":"通选"}],"selectMax":0,"selectMin":1,"showRightMenuType":2,"startNumber":0}],"mainType":"三同号通选","maxWinning":0,"playTypeCode":"k3_same_num","playTypeExplain":"三位号码全相同即中奖。","playTypeName":"标准选号","sampleBet":"对所有相同的三个号码（111、222、333、444、555、666）进行投注。","sampleOpen":"三位号码全相同即中奖。","scheme":"三同号通选","singleExplain":"全包豹子(111,222,333,444,555,666)投注，开出任意豹子即中奖。"}],"parentTitle":"三同号通选","totalType":"官方玩法","type":"三同号通选"},{"mPlayBeans":[{"betCode":"k3_danxuan_santong","isRelation":true,"isSelected":false,"mLayoutBeans":[{"childItemCount":6,"isSelectEqual":true,"itemType":0,"layoutTitle":"三同号","layoutType":0,"mChildLayoutBeans":[{"isSelected":false,"number":"111"},{"isSelected":false,"number":"222"},{"isSelected":false,"number":"333"},{"isSelected":false,"number":"444"},{"isSelected":false,"number":"555"},{"isSelected":false,"number":"666"}],"selectMax":0,"selectMin":1,"showRightMenuType":1,"splitCharacter":"|","startNumber":0}],"mainType":"三同号单选","maxWinning":0,"playTypeCode":"k3_same_num","playTypeExplain":"所选号码开出即中奖。","playTypeName":"标准选号","sampleBet":"对相同的三个号码（111、222、333、444、555、666）中的任意一个进行投注。","sampleOpen":"所选号码开出即中奖","scheme":"三同号单选","singleExplain":"单选1个豹子(111,222,333,444,555,666)投注，选号与开奖号码一致即中奖。"}],"parentTitle":"三同号单选","totalType":"官方玩法","type":"三同号单选"},{"mPlayBeans":[{"betCode":"k3_fuxuan_ertong","isRelation":true,"isSelected":false,"mLayoutBeans":[{"childItemCount":6,"isSelectEqual":true,"itemType":0,"layoutTitle":"二同号","layoutType":0,"mChildLayoutBeans":[{"isSelected":false,"number":"11"},{"isSelected":false,"number":"22"},{"isSelected":false,"number":"33"},{"isSelected":false,"number":"44"},{"isSelected":false,"number":"55"},{"isSelected":false,"number":"66"}],"selectMax":0,"selectMin":1,"showRightMenuType":1,"splitCharacter":"|","startNumber":0}],"mainType":"二同号复选","maxWinning":0,"playTypeCode":"k3_same_num","playTypeExplain":"中奖号码(不是豹子号)中包括所选的号码即为中奖。如买的是11,则中奖号码为112,则中奖。","playTypeName":"标准选号","sampleBet":"从11～66中任选1个或多个号码。","sampleOpen":"开奖号码中包含选择的对子即中奖","scheme":"二同号复选","singleExplain":"选择对子(11,22,33,44,55,66)投注，开奖号码中包含选择的对子即中奖。"}],"parentTitle":"二同号复选","totalType":"官方玩法","type":"二同号复选"},{"mPlayBeans":[{"betCode":"k3_danxuan_ertong","isRelation":true,"isSelected":false,"mLayoutBeans":[{"childItemCount":6,"isSelectEqual":false,"itemType":0,"layoutTitle":"二同号","layoutType":0,"mChildLayoutBeans":[{"isSelected":false,"number":"11"},{"isSelected":false,"number":"22"},{"isSelected":false,"number":"33"},{"isSelected":false,"number":"44"},{"isSelected":false,"number":"55"},{"isSelected":false,"number":"66"}],"selectMax":0,"selectMin":1,"showRightMenuType":2,"startNumber":0},{"childItemCount":6,"isSelectEqual":false,"itemType":0,"layoutTitle":"二不同","layoutType":0,"selectMax":0,"selectMin":1,"showRightMenuType":2,"startNumber":1}],"mainType":"二同号单选","maxWinning":0,"playTypeCode":"k3_same_num","playTypeExplain":"选号与奖号相同（顺序不限）。","playTypeName":"标准选号","sampleBet":"选择1对相同号码（11 , 22 , 33 , 44 , 55 , 66）和1个不同号码(1 , 2 , 3 , 4 , 5 , 6)投注。","sampleOpen":"选号与开奖号码一致即中奖。","scheme":"二同号单选","singleExplain":"选择1个对子和1个不同号码投注，选号与开奖号码一致即中奖。"}],"parentTitle":"二同号单选","totalType":"官方玩法","type":"二同号单选"},{"mPlayBeans":[{"betCode":"k3_sanbutong","isRelation":true,"isSelected":false,"mLayoutBeans":[{"childItemCount":6,"isSelectEqual":true,"itemType":0,"layoutTitle":"三不同","layoutType":0,"selectMax":0,"selectMin":3,"showRightMenuType":1,"startNumber":1}],"mainType":"三不同号","maxWinning":0,"playTypeCode":"k3_diff_num","playTypeExplain":"中奖号码为三个不同的号码，且全部在所购买的号码中，即为中奖。","playTypeName":"标准选号","sampleBet":"从1～6中任选3个或多个号码。","sampleOpen":"选号与开奖号码一致即中奖。","scheme":"三不同号","singleExplain":"至少选择3个不同号码投注，选号与开奖号码一致即中奖。"}],"parentTitle":"三不同号","totalType":"官方玩法","type":"三不同号"},{"mPlayBeans":[{"betCode":"k3_erbutong","isRelation":true,"isSelected":false,"mLayoutBeans":[{"childItemCount":6,"isSelectEqual":true,"itemType":0,"layoutTitle":"二不同","layoutType":0,"selectMax":0,"selectMin":2,"showRightMenuType":1,"startNumber":1}],"mainType":"二不同号","maxWinning":0,"playTypeCode":"k3_diff_num","playTypeExplain":"所选号码与开奖号码任意2个号码相同，即中奖。","playTypeName":"标准选号","sampleBet":"从1～6中任选2个或多个号码。","sampleOpen":"选号与开奖号码一致即中奖。","scheme":"二不同号","singleExplain":"至少选择2个不同号码投注，选号与开奖号码一致即中奖。"}],"parentTitle":"二不同号","totalType":"官方玩法","type":"二不同号"},{"mPlayBeans":[{"betCode":"k3_tongxuan_sanlian","isRelation":true,"isSelected":false,"mLayoutBeans":[{"childItemCount":1,"isSelectEqual":true,"itemType":0,"layoutTitle":"三连号","layoutType":0,"mChildLayoutBeans":[{"isSelected":false,"number":"通选"}],"selectMax":0,"selectMin":1,"showRightMenuType":2,"startNumber":0}],"mainType":"三连号通选","maxWinning":0,"playTypeCode":"k3_three_straight","playTypeExplain":"中奖号码为123、234、345、456之一即中奖。","playTypeName":"标准选号","sampleBet":"对所有3个相连的号码（123、234、345、456）进行投注。","sampleOpen":"开出相应顺子即中奖。","scheme":"三连号通选","singleExplain":"全包顺子(123,234,345,456)投注，开出任意顺子即中奖。"}],"parentTitle":"三连号通选","totalType":"官方玩法","type":"三连号通选"}]