[{"mPlayBeans":[{"betCode":"pk10_yixing_dwd","isRelation":false,"isSelected":false,"mLayoutBeans":[{"childItemCount":10,"isSelectEqual":true,"itemType":0,"layoutTitle":"冠军","layoutType":0,"mChildLayoutBeans":[{"isSelected":false,"number":"01"},{"isSelected":false,"number":"02"},{"isSelected":false,"number":"03"},{"isSelected":false,"number":"04"},{"isSelected":false,"number":"05"},{"isSelected":false,"number":"06"},{"isSelected":false,"number":"07"},{"isSelected":false,"number":"08"},{"isSelected":false,"number":"09"},{"isSelected":false,"number":"10"}],"selectMax":0,"selectMin":1,"showRightMenuType":0,"startNumber":0},{"childItemCount":10,"isSelectEqual":true,"itemType":0,"layoutTitle":"亚军","layoutType":0,"mChildLayoutBeans":[{"isSelected":false,"number":"01"},{"isSelected":false,"number":"02"},{"isSelected":false,"number":"03"},{"isSelected":false,"number":"04"},{"isSelected":false,"number":"05"},{"isSelected":false,"number":"06"},{"isSelected":false,"number":"07"},{"isSelected":false,"number":"08"},{"isSelected":false,"number":"09"},{"isSelected":false,"number":"10"}],"selectMax":0,"selectMin":1,"showRightMenuType":0,"startNumber":0},{"childItemCount":10,"isSelectEqual":true,"itemType":0,"layoutTitle":"季军","layoutType":0,"mChildLayoutBeans":[{"isSelected":false,"number":"01"},{"isSelected":false,"number":"02"},{"isSelected":false,"number":"03"},{"isSelected":false,"number":"04"},{"isSelected":false,"number":"05"},{"isSelected":false,"number":"06"},{"isSelected":false,"number":"07"},{"isSelected":false,"number":"08"},{"isSelected":false,"number":"09"},{"isSelected":false,"number":"10"}],"selectMax":0,"selectMin":1,"showRightMenuType":0,"startNumber":0},{"childItemCount":10,"isSelectEqual":true,"itemType":0,"layoutTitle":"第四名","layoutType":0,"mChildLayoutBeans":[{"isSelected":false,"number":"01"},{"isSelected":false,"number":"02"},{"isSelected":false,"number":"03"},{"isSelected":false,"number":"04"},{"isSelected":false,"number":"05"},{"isSelected":false,"number":"06"},{"isSelected":false,"number":"07"},{"isSelected":false,"number":"08"},{"isSelected":false,"number":"09"},{"isSelected":false,"number":"10"}],"selectMax":0,"selectMin":1,"showRightMenuType":0,"startNumber":0},{"childItemCount":10,"isSelectEqual":true,"itemType":0,"layoutTitle":"第五名","layoutType":0,"mChildLayoutBeans":[{"isSelected":false,"number":"01"},{"isSelected":false,"number":"02"},{"isSelected":false,"number":"03"},{"isSelected":false,"number":"04"},{"isSelected":false,"number":"05"},{"isSelected":false,"number":"06"},{"isSelected":false,"number":"07"},{"isSelected":false,"number":"08"},{"isSelected":false,"number":"09"},{"isSelected":false,"number":"10"}],"selectMax":0,"selectMin":1,"showRightMenuType":0,"startNumber":0},{"childItemCount":10,"isSelectEqual":true,"itemType":0,"layoutTitle":"第六名","layoutType":0,"mChildLayoutBeans":[{"isSelected":false,"number":"01"},{"isSelected":false,"number":"02"},{"isSelected":false,"number":"03"},{"isSelected":false,"number":"04"},{"isSelected":false,"number":"05"},{"isSelected":false,"number":"06"},{"isSelected":false,"number":"07"},{"isSelected":false,"number":"08"},{"isSelected":false,"number":"09"},{"isSelected":false,"number":"10"}],"selectMax":0,"selectMin":1,"showRightMenuType":0,"startNumber":0},{"childItemCount":10,"isSelectEqual":true,"itemType":0,"layoutTitle":"第七名","layoutType":0,"mChildLayoutBeans":[{"isSelected":false,"number":"01"},{"isSelected":false,"number":"02"},{"isSelected":false,"number":"03"},{"isSelected":false,"number":"04"},{"isSelected":false,"number":"05"},{"isSelected":false,"number":"06"},{"isSelected":false,"number":"07"},{"isSelected":false,"number":"08"},{"isSelected":false,"number":"09"},{"isSelected":false,"number":"10"}],"selectMax":0,"selectMin":1,"showRightMenuType":0,"startNumber":0},{"childItemCount":10,"isSelectEqual":true,"itemType":0,"layoutTitle":"第八名","layoutType":0,"mChildLayoutBeans":[{"isSelected":false,"number":"01"},{"isSelected":false,"number":"02"},{"isSelected":false,"number":"03"},{"isSelected":false,"number":"04"},{"isSelected":false,"number":"05"},{"isSelected":false,"number":"06"},{"isSelected":false,"number":"07"},{"isSelected":false,"number":"08"},{"isSelected":false,"number":"09"},{"isSelected":false,"number":"10"}],"selectMax":0,"selectMin":1,"showRightMenuType":0,"startNumber":0},{"childItemCount":10,"isSelectEqual":true,"itemType":0,"layoutTitle":"第九名","layoutType":0,"mChildLayoutBeans":[{"isSelected":false,"number":"01"},{"isSelected":false,"number":"02"},{"isSelected":false,"number":"03"},{"isSelected":false,"number":"04"},{"isSelected":false,"number":"05"},{"isSelected":false,"number":"06"},{"isSelected":false,"number":"07"},{"isSelected":false,"number":"08"},{"isSelected":false,"number":"09"},{"isSelected":false,"number":"10"}],"selectMax":0,"selectMin":1,"showRightMenuType":0,"startNumber":0},{"childItemCount":10,"isSelectEqual":true,"itemType":0,"layoutTitle":"第十名","layoutType":0,"mChildLayoutBeans":[{"isSelected":false,"number":"01"},{"isSelected":false,"number":"02"},{"isSelected":false,"number":"03"},{"isSelected":false,"number":"04"},{"isSelected":false,"number":"05"},{"isSelected":false,"number":"06"},{"isSelected":false,"number":"07"},{"isSelected":false,"number":"08"},{"isSelected":false,"number":"09"},{"isSelected":false,"number":"10"}],"selectMax":0,"selectMin":1,"showRightMenuType":0,"startNumber":0}],"mainType":"定胆位","maxWinning":0,"playTypeCode":"pk10_yixing","playTypeExplain":"从冠军到第十名任意位置上，至少选择一个或一个以上的号码，每注由1个号码开组成，所选号码与开奖位置上的号码一致，即为中奖。","playTypeName":"定胆位","sampleBet":"投注方案：冠军01 ","sampleOpen":"开奖号码：01，02，03，04，05，06，07，08，09，10即中奖。","scheme":"定胆位","singleExplain":"从第一名到第十名任意位置上选择1个或1个以上号码。"}],"parentTitle":"定胆位","totalType":"官方玩法","type":"定位胆"},{"mPlayBeans":[{"betCode":"pk10_zhixuan_qyfs","isRelation":true,"isSelected":false,"mLayoutBeans":[{"childItemCount":10,"isSelectEqual":true,"itemType":0,"layoutTitle":"冠军","layoutType":0,"mChildLayoutBeans":[{"isSelected":false,"number":"01"},{"isSelected":false,"number":"02"},{"isSelected":false,"number":"03"},{"isSelected":false,"number":"04"},{"isSelected":false,"number":"05"},{"isSelected":false,"number":"06"},{"isSelected":false,"number":"07"},{"isSelected":false,"number":"08"},{"isSelected":false,"number":"09"},{"isSelected":false,"number":"10"}],"selectMax":0,"selectMin":1,"showRightMenuType":0,"startNumber":0}],"mainType":"前一","maxWinning":0,"playTypeCode":"pk10_qy_zhixuan","playTypeExplain":"从01-10中至少选择一个号码组成一注，所选号码与开奖号码第一位相同即中奖。","playTypeName":"前一","sampleBet":"投注方案：01 ","sampleOpen":"开奖号码：01，02，03，04，05，06，07，08，09，10即可中前一直选。","scheme":"前一","singleExplain":"从第一名中至少选择1个号码组成一注。"}],"parentTitle":"前一","totalType":"官方玩法","type":"前一"},{"mPlayBeans":[{"betCode":"pk10_zhixuan_qefs","isRelation":true,"isSelected":false,"mLayoutBeans":[{"childItemCount":10,"isSelectEqual":false,"itemType":0,"layoutTitle":"冠军","layoutType":0,"mChildLayoutBeans":[{"isSelected":false,"number":"01"},{"isSelected":false,"number":"02"},{"isSelected":false,"number":"03"},{"isSelected":false,"number":"04"},{"isSelected":false,"number":"05"},{"isSelected":false,"number":"06"},{"isSelected":false,"number":"07"},{"isSelected":false,"number":"08"},{"isSelected":false,"number":"09"},{"isSelected":false,"number":"10"}],"selectMax":0,"selectMin":1,"showRightMenuType":2,"startNumber":0},{"childItemCount":10,"isSelectEqual":false,"itemType":0,"layoutTitle":"亚军","layoutType":0,"mChildLayoutBeans":[{"isSelected":false,"number":"01"},{"isSelected":false,"number":"02"},{"isSelected":false,"number":"03"},{"isSelected":false,"number":"04"},{"isSelected":false,"number":"05"},{"isSelected":false,"number":"06"},{"isSelected":false,"number":"07"},{"isSelected":false,"number":"08"},{"isSelected":false,"number":"09"},{"isSelected":false,"number":"10"}],"selectMax":0,"selectMin":1,"showRightMenuType":2,"startNumber":0}],"mainType":"前二","maxWinning":0,"playTypeCode":"pk10_qe_zhixuan","playTypeExplain":"从冠军，亚军位至少各选择一个号码组成一注，开奖号码中第一，第二位与所选号按位相同，即为中奖。","playTypeName":"直选复式","sampleBet":"投注方案：冠军01 ，亚军02 ","sampleOpen":"开奖号码：01，02，03，04，05，06，07，08，09，10即可中前二直选。","scheme":"前二","singleExplain":"从第一名，第二名中至少选择1个号码组成一注。"}],"parentTitle":"前二","totalType":"官方玩法","type":"前二"},{"mPlayBeans":[{"betCode":"pk10_zhixuan_qsfs","isRelation":true,"isSelected":false,"mLayoutBeans":[{"childItemCount":10,"isSelectEqual":false,"itemType":0,"layoutTitle":"冠军","layoutType":0,"mChildLayoutBeans":[{"isSelected":false,"number":"01"},{"isSelected":false,"number":"02"},{"isSelected":false,"number":"03"},{"isSelected":false,"number":"04"},{"isSelected":false,"number":"05"},{"isSelected":false,"number":"06"},{"isSelected":false,"number":"07"},{"isSelected":false,"number":"08"},{"isSelected":false,"number":"09"},{"isSelected":false,"number":"10"}],"selectMax":0,"selectMin":1,"showRightMenuType":2,"startNumber":0},{"childItemCount":10,"isSelectEqual":false,"itemType":0,"layoutTitle":"亚军","layoutType":0,"mChildLayoutBeans":[{"isSelected":false,"number":"01"},{"isSelected":false,"number":"02"},{"isSelected":false,"number":"03"},{"isSelected":false,"number":"04"},{"isSelected":false,"number":"05"},{"isSelected":false,"number":"06"},{"isSelected":false,"number":"07"},{"isSelected":false,"number":"08"},{"isSelected":false,"number":"09"},{"isSelected":false,"number":"10"}],"selectMax":0,"selectMin":1,"showRightMenuType":2,"startNumber":0},{"childItemCount":10,"isSelectEqual":false,"itemType":0,"layoutTitle":"季军","layoutType":0,"mChildLayoutBeans":[{"isSelected":false,"number":"01"},{"isSelected":false,"number":"02"},{"isSelected":false,"number":"03"},{"isSelected":false,"number":"04"},{"isSelected":false,"number":"05"},{"isSelected":false,"number":"06"},{"isSelected":false,"number":"07"},{"isSelected":false,"number":"08"},{"isSelected":false,"number":"09"},{"isSelected":false,"number":"10"}],"selectMax":0,"selectMin":1,"showRightMenuType":2,"startNumber":0}],"mainType":"前三","maxWinning":0,"playTypeCode":"pk10_qs_zhixuan","playTypeExplain":"从冠军，亚军，季军位至少各选择一各号码组成一注，开奖号码中第一，第二，第三位与所选号按位相同，即为中奖。","playTypeName":"直选复式","sampleBet":"投注方案：冠军01 ，亚军02 ，季军03","sampleOpen":"开奖号码：01，02，03，04，05，06，07，08，09，10即可中前三直选。","scheme":"前三","singleExplain":"从第一名，第二名，第三名中至少选择1个号码组成一注。"}],"parentTitle":"前三","totalType":"官方玩法","type":"前三"}]