[{"mPlayBeans":[{"betCode":"pl3_yixing_dwd","isRelation":false,"isSelected":false,"mLayoutBeans":[{"childItemCount":10,"isSelectEqual":true,"itemType":0,"layoutTitle":"百位","layoutType":0,"selectMax":0,"selectMin":1,"showRightMenuType":0,"startNumber":0},{"childItemCount":10,"isSelectEqual":true,"itemType":0,"layoutTitle":"十位","layoutType":0,"selectMax":0,"selectMin":1,"showRightMenuType":0,"startNumber":0},{"childItemCount":10,"isSelectEqual":true,"itemType":0,"layoutTitle":"个位","layoutType":0,"selectMax":0,"selectMin":1,"showRightMenuType":0,"startNumber":0}],"mainType":"定胆位","maxWinning":0,"playTypeCode":"pl3_yixing","playTypeExplain":"从百、十、个位任意位置上至少选择一个以上号码，所选号码与相同位置上的开奖号码一致，即为中奖。","playTypeName":"定胆位","sampleBet":"投注方案：百位1","sampleOpen":"开奖号码：百位1，即中定位胆百位","scheme":"定胆位","singleExplain":"至少选择1个号码"}],"parentTitle":"定胆位","totalType":"官方玩法","type":"定位胆"},{"mPlayBeans":[{"betCode":"pl3_sanxing_zhixuan_fs","isRelation":true,"isSelected":false,"mLayoutBeans":[{"childItemCount":10,"isSelectEqual":true,"itemType":0,"layoutTitle":"百位","layoutType":0,"selectMax":0,"selectMin":1,"showRightMenuType":0,"startNumber":0},{"childItemCount":10,"isSelectEqual":true,"itemType":0,"layoutTitle":"十位","layoutType":0,"selectMax":0,"selectMin":1,"showRightMenuType":0,"startNumber":0},{"childItemCount":10,"isSelectEqual":true,"itemType":0,"layoutTitle":"个位","layoutType":0,"selectMax":0,"selectMin":1,"showRightMenuType":0,"startNumber":0}],"mainType":"三星","maxWinning":0,"playTypeCode":"pl3_sanxing_zhixuan","playTypeExplain":"从百位、十位、个位中选择一个3位数号码组成一注，所选号码与开奖号码的百位、十位、个位相同，且顺序一致，即为中奖","playTypeName":"直选复式","sampleBet":"投注方案：345","sampleOpen":"开奖号码：345，即中三星直选。","scheme":"直选","singleExplain":"竞猜全部的开奖号码"},{"betCode":"pl3_sanxing_zhixuan_hz","isRelation":true,"isSelected":false,"mLayoutBeans":[{"childItemCount":28,"isSelectEqual":true,"itemType":0,"layoutTitle":"直选和值","layoutType":0,"selectMax":0,"selectMin":1,"showRightMenuType":0,"splitCharacter":"|","startNumber":0}],"mainType":"三星","maxWinning":0,"playTypeCode":"pl3_sanxing_zhixuan","playTypeExplain":"从0-27中任意选择1个或1个以上号码，所选数值等于开奖号码的百位、十位、个位相加之和，即为中奖","playTypeName":"直选和值","sampleBet":"投注方案：和值1","sampleOpen":"开奖号码：开奖号码 001、010、100，即中三星直选和值。","scheme":"直选","singleExplain":"竞猜全部开奖号码的和值"}],"parentTitle":"三星","totalType":"官方玩法","type":"直选"},{"mPlayBeans":[{"betCode":"pl3_sanxing_zuxuan_z3fs","isRelation":true,"isSelected":false,"mLayoutBeans":[{"childItemCount":10,"isSelectEqual":true,"itemType":0,"layoutTitle":"组三","layoutType":0,"selectMax":0,"selectMin":2,"showRightMenuType":0,"startNumber":0}],"mainType":"三星","maxWinning":0,"playTypeCode":"pl3_sanxing_zuxuan","playTypeExplain":"从0-9中选择2个数字组成两注，且所选号码与开奖号码(三个数字当中有二个数字相同)的百位、十位、个位相同，顺序不限，即为中奖。","playTypeName":"组三复式","sampleBet":"投注方案：588","sampleOpen":"开奖号码：588(顺序不限)，即中组三。","scheme":"组选","singleExplain":"从0-9中任意选择2个或2个以上号码。"},{"betCode":"pl3_sanxing_zuxuan_z6fs","isRelation":true,"isSelected":false,"mLayoutBeans":[{"childItemCount":10,"isSelectEqual":true,"itemType":0,"layoutTitle":"组六","layoutType":0,"selectMax":0,"selectMin":3,"showRightMenuType":0,"startNumber":0}],"mainType":"三星","maxWinning":0,"playTypeCode":"pl3_sanxing_zuxuan","playTypeExplain":"从0-9中任意选择3个号码组成一注，所选号码与开奖号码(三个数字全不相同)的百位、十位、个位相同，顺序不限，即为中奖。","playTypeName":"组六复式","sampleBet":"投注方案：563","sampleOpen":"开奖号码：563(顺序不限)，即中组六。","scheme":"组选","singleExplain":"从0-9中任意选择3个或3个以上号码。 "},{"betCode":"pl3_sanxing_zuxuan_hhzx","isRelation":true,"isSelected":false,"mLayoutBeans":[{"childItemCount":0,"isSelectEqual":true,"itemType":0,"layoutType":2,"selectMax":0,"selectMin":3,"showRightMenuType":0,"startNumber":0}],"mainType":"三星","maxWinning":0,"playTypeCode":"pl3_sanxing_zuxuan","playTypeExplain":"手动输入组三或组六号码，3个数字为一注，所选号码与开奖号码的百位、十位、个位相同，顺序不限，即为中奖。","playTypeName":"混合组选","sampleBet":"投注方案：563","sampleOpen":"开奖号码：563(顺序不限)，即中组六。","scheme":"组选","singleExplain":"手动输入号码，至少输入1个三位数号码(不包含豹子号)。"},{"betCode":"pl3_sanxing_zuxuan_zxhz","isRelation":true,"isSelected":false,"mLayoutBeans":[{"childItemCount":26,"isSelectEqual":true,"itemType":0,"layoutTitle":"和值","layoutType":0,"selectMax":0,"selectMin":1,"showRightMenuType":1,"splitCharacter":"|","startNumber":1}],"mainType":"三星","maxWinning":0,"playTypeCode":"pl3_sanxing_zuxuan","playTypeExplain":"开奖号码为组三或组六形态，所选数值等于开奖号码的百位、十位、个位三个数字相加之和，即为中奖。","playTypeName":"组选和值","sampleBet":"投注方案：21","sampleOpen":"开奖号码：588(和值21)，即中组选和值。","scheme":"组选","singleExplain":"从1-26中至少选择1个号码。 "}],"parentTitle":"三星","totalType":"官方玩法","type":"组选"},{"mPlayBeans":[{"betCode":"pl3_erxing_zhixuan_qefs","isRelation":true,"isSelected":false,"mLayoutBeans":[{"childItemCount":10,"isSelectEqual":true,"itemType":0,"layoutTitle":"百位","layoutType":0,"selectMax":0,"selectMin":1,"showRightMenuType":0,"startNumber":0},{"childItemCount":10,"isSelectEqual":true,"itemType":0,"layoutTitle":"十位","layoutType":0,"selectMax":0,"selectMin":1,"showRightMenuType":0,"startNumber":0}],"mainType":"前二","maxWinning":0,"playTypeCode":"pl3_erxing_zhixuan","playTypeExplain":"从百位、十位中选择一个2位数号码组成一注，所选号码与开奖号码的前2位相同，且顺序一致，即为中奖。","playTypeName":"直选复式","sampleBet":"投注方案：58","sampleOpen":"开奖号码：前二位58，即中前二星直选","scheme":"前二直选","singleExplain":"竞猜开奖号码的前两位"}],"parentTitle":"前二","totalType":"官方玩法","type":"前二直选"},{"mPlayBeans":[{"betCode":"pl3_erxing_zuxuan_qefs","isRelation":true,"isSelected":false,"mLayoutBeans":[{"childItemCount":10,"isSelectEqual":true,"itemType":0,"layoutTitle":"组选","layoutType":0,"selectMax":0,"selectMin":2,"showRightMenuType":0,"startNumber":0}],"mainType":"前二","maxWinning":0,"playTypeCode":"pl3_erxing_zuxuan","playTypeExplain":"从0-9中选2个号码组成一注，所选号码与开奖号码的百位、十位相同，顺序不限（不含对子号），即为中奖。","playTypeName":"组选复式","sampleBet":"投注方案：58","sampleOpen":"开奖号码：前二位58，即中前二星组选","scheme":"前二组选","singleExplain":"从0-9中任意选择2个或2个以上号码。"}],"parentTitle":"前二","totalType":"官方玩法","type":"前二组选"},{"mPlayBeans":[{"betCode":"pl3_erxing_zhixuan_hefs","isRelation":true,"isSelected":false,"mLayoutBeans":[{"childItemCount":10,"isSelectEqual":true,"itemType":0,"layoutTitle":"十位","layoutType":0,"selectMax":0,"selectMin":1,"showRightMenuType":0,"startNumber":0},{"childItemCount":10,"isSelectEqual":true,"itemType":0,"layoutTitle":"个位","layoutType":0,"selectMax":0,"selectMin":1,"showRightMenuType":0,"startNumber":0}],"mainType":"后二","maxWinning":0,"playTypeCode":"pl3_erxing_zhixuan","playTypeExplain":"从十位、个位中选择一个2位数号码组成一注，所选号码与开奖号码的十位、个位相同，且顺序一致，即为中奖。","playTypeName":"直选复式","sampleBet":"投注方案：58","sampleOpen":"开奖号码：后二位58，即中后二星直选","scheme":"后二直选","singleExplain":"从十、个位各选一个号码组成一注 "}],"parentTitle":"后二","totalType":"官方玩法","type":"后二直选"},{"mPlayBeans":[{"betCode":"pl3_erxing_zuxuan_hefs","isRelation":true,"isSelected":false,"mLayoutBeans":[{"childItemCount":10,"isSelectEqual":true,"itemType":0,"layoutTitle":"组选","layoutType":0,"selectMax":0,"selectMin":2,"showRightMenuType":0,"startNumber":0}],"mainType":"后二","maxWinning":0,"playTypeCode":"pl3_erxing_zuxuan","playTypeExplain":"从0-9中选2个号码组成一注，所选号码与开奖号码的十位、个位相同，顺序不限（不含对子号），即为中奖。","playTypeName":"组选复式","sampleBet":"投注方案：58","sampleOpen":"开奖号码：后二位58，即中后二星组选","scheme":"后二组选","singleExplain":"从0-9中任意选择2个或2个以上号码。 "}],"parentTitle":"后二","totalType":"官方玩法","type":"后二组选"},{"mPlayBeans":[{"betCode":"pl3_budingwei_sxym","isRelation":true,"isSelected":false,"mLayoutBeans":[{"childItemCount":10,"isSelectEqual":true,"itemType":0,"layoutTitle":"不定位","layoutType":0,"selectMax":0,"selectMin":1,"showRightMenuType":0,"startNumber":0}],"mainType":"不定位","maxWinning":0,"playTypeCode":"pl3_budingwei_sanxing","playTypeExplain":"从0-9中选择1个号码，每注由1号码组成，只要开奖号码的百位、十位、个位中包含所选号码，即为中奖","playTypeName":"三星一码","sampleBet":"投注方案：1","sampleOpen":"开奖号码：开奖号码至少出现1个1，即中三星一码不定位。","scheme":"不定位","singleExplain":"至少选择1个号码"}],"parentTitle":"不定位","totalType":"官方玩法","type":"不定位"}]