[{"mPlayBeans":[{"betCode":"ssc_sanxing_zhixuan_hsfs","isRelation":true,"isSelected":false,"mLayoutBeans":[{"childItemCount":10,"isSelectEqual":true,"isShowTop":false,"itemType":0,"layoutTitle":"百位","layoutType":0,"selectMax":0,"selectMin":1,"showRightMenuType":0,"startNumber":0},{"childItemCount":10,"isSelectEqual":true,"isShowTop":false,"itemType":0,"layoutTitle":"十位","layoutType":0,"selectMax":0,"selectMin":1,"showRightMenuType":0,"startNumber":0},{"childItemCount":10,"isSelectEqual":true,"isShowTop":false,"itemType":0,"layoutTitle":"个位","layoutType":0,"selectMax":0,"selectMin":1,"showRightMenuType":0,"startNumber":0}],"mainType":"后三","maxWinning":0,"playTypeCode":"ssc_sanxing_zhixuan","playTypeExplain":"从百、十、个位中至少各选择1个号码组成一注，所选号码与开奖号码全部相同，且顺序一致，即为中奖。","playTypeName":"直选复式","sampleBet":"投注方案：345 ","sampleOpen":"开奖号码后三位：345，即中后三位直选。","scheme":"后三直选","singleExplain":"从百位、十位、个位各选一个号码组成一注。"},{"betCode":"ssc_sanxing_zhixuan_hsds","isRelation":true,"isSelected":false,"mLayoutBeans":[{"childItemCount":0,"isSelectEqual":true,"isShowTop":false,"itemType":0,"layoutType":2,"selectMax":0,"selectMin":3,"showRightMenuType":0,"startNumber":0}],"mainType":"后三","maxWinning":0,"playTypeCode":"ssc_sanxing_zhixuan","playTypeExplain":"从百、十、个位中至少各选择1个号码组成一注，所选号码与开奖号码全部相同，且顺序一致，即为中奖。","playTypeName":"直选单式","sampleBet":"投注方案：345","sampleOpen":"开奖号码：345，即中后三直选。","scheme":"后三直选","singleExplain":"手动输入号码，至少输入1个3位数号码组成一注。"},{"betCode":"ssc_sanxing_zhixuan_hszh","isRelation":true,"isSelected":false,"mLayoutBeans":[{"childItemCount":10,"isSelectEqual":true,"isShowTop":false,"itemType":0,"layoutTitle":"百位","layoutType":0,"selectMax":0,"selectMin":1,"showRightMenuType":0,"startNumber":0},{"childItemCount":10,"isSelectEqual":true,"isShowTop":false,"itemType":0,"layoutTitle":"十位","layoutType":0,"selectMax":0,"selectMin":1,"showRightMenuType":0,"startNumber":0},{"childItemCount":10,"isSelectEqual":true,"isShowTop":false,"itemType":0,"layoutTitle":"个位","layoutType":0,"selectMax":0,"selectMin":1,"showRightMenuType":0,"startNumber":0}],"mainType":"后三","maxWinning":0,"playTypeCode":"ssc_sanxing_zhixuan","playTypeExplain":"从百、十、个位中至少各选择1个号码组成1-3星的组合共三注，当个位数与开奖号码相同，则中一个3等奖；如果个位和十位号码和开奖号码相同，则中一个3等奖以及一个2等奖，以次类推，最高可中3个奖。","playTypeName":"后三组合","sampleBet":"投注方案：购买：6+7+8，由以下三注：678(三星)、78(二星)、8(一星)构成 ","sampleOpen":"开奖号码：678，即可中奖 一星、二星、三星各一注。","scheme":"后三直选","singleExplain":"从百位、十位、个位各选一个号码组成三注。"},{"betCode":"ssc_sanxing_zhixuan_hshz","isRelation":true,"isSelected":false,"mLayoutBeans":[{"childItemCount":28,"isSelectEqual":true,"isShowTop":false,"itemType":0,"layoutTitle":"和值","layoutType":0,"selectMax":0,"selectMin":1,"showRightMenuType":1,"splitCharacter":"|","startNumber":0}],"mainType":"后三","maxWinning":0,"playTypeCode":"ssc_sanxing_zhixuan","playTypeExplain":"所选号码数值等于开奖号码的百、十、个三个数值相加之和，即为中奖。","playTypeName":"直选和值","sampleBet":"投注方案：和值：1","sampleOpen":"开奖号码：后三位001、010、100，即中后三直选。","scheme":"后三直选","singleExplain":"从0-27中任意选择1个或1个以上号码。"},{"betCode":"ssc_sanxing_zhixuan_hskd","isRelation":true,"isSelected":false,"mLayoutBeans":[{"childItemCount":10,"isSelectEqual":true,"isShowTop":false,"itemType":0,"layoutTitle":"跨度","layoutType":0,"selectMax":0,"selectMin":1,"showRightMenuType":0,"startNumber":0}],"mainType":"后三","maxWinning":0,"playTypeCode":"ssc_sanxing_zhixuan","playTypeExplain":"所选数值与开奖号码后三位最大和最小数字相减之差，即为中奖。","playTypeName":"直选跨度","sampleBet":"投注方案：跨度：8","sampleOpen":"开奖号码：**129，最大号码9与最小号码1相减值等于8，所选号与跨度号码相同即中奖。","scheme":"后三直选","singleExplain":"从0-9中选择1个以上号码。"}],"parentTitle":"后三","totalType":"官方玩法","type":"后三直选"},{"mPlayBeans":[{"betCode":"ssc_sanxing_zuxuan_hsz3fs","isRelation":true,"isSelected":false,"mLayoutBeans":[{"childItemCount":10,"isSelectEqual":true,"isShowTop":false,"itemType":0,"layoutTitle":"组三","layoutType":0,"selectMax":0,"selectMin":2,"showRightMenuType":0,"startNumber":0}],"mainType":"后三","maxWinning":0,"playTypeCode":"ssc_sanxing_zuxuan","playTypeExplain":"从0-9号码中至少选择2个号码组成两注，所选号码与开奖号码的百、十、个位相同，且顺序不限，即为中奖。","playTypeName":"组三复式","sampleBet":"投注方案：588","sampleOpen":"开奖号码：后三位588(顺序不限)，即可中后三组选三。","scheme":"后三组选","singleExplain":"从0-9中任意选择2个或2个以上号码。 "},{"betCode":"ssc_sanxing_zuxuan_hsz3ds","isRelation":true,"isSelected":false,"mLayoutBeans":[{"childItemCount":0,"isSelectEqual":true,"isShowTop":false,"itemType":0,"layoutType":2,"selectMax":0,"selectMin":3,"showRightMenuType":0,"startNumber":0}],"mainType":"后三","maxWinning":0,"playTypeCode":"ssc_sanxing_zuxuan","playTypeExplain":"手动输入一个3位数号码组成一注，三个数字中必须有两个数字相同，输入的数字与开奖的百、十、个位相同，顺序不限，即为中奖。","playTypeName":"组三单式","sampleBet":"投注方案：001 ","sampleOpen":"开奖号码：后三位010(顺序不限)，即中后三组选三。","scheme":"后三组选","singleExplain":"手动输入号码，至少输入1个三位数号码（三个数字中必须有二个数字相同）。"},{"betCode":"ssc_sanxing_zuxuan_hsz6fs","isRelation":true,"isSelected":false,"mLayoutBeans":[{"childItemCount":10,"isSelectEqual":true,"isShowTop":false,"itemType":0,"layoutTitle":"组六","layoutType":0,"selectMax":0,"selectMin":3,"showRightMenuType":0,"startNumber":0}],"mainType":"后三","maxWinning":0,"playTypeCode":"ssc_sanxing_zuxuan","playTypeExplain":"从0-9号码中至少选择3个号码组成一注，所选号码与开奖号码的百、十、个位相同，且顺序不限，即为中奖。","playTypeName":"组六复式","sampleBet":"投注方案：258","sampleOpen":"开奖号码：后三位852(顺序不限)，即可中后三组选六。","scheme":"后三组选","singleExplain":"从0-9中任意选择3个或3个以上号码。"},{"betCode":"ssc_sanxing_zuxuan_hsz6ds","isRelation":true,"isSelected":false,"mLayoutBeans":[{"childItemCount":0,"isSelectEqual":true,"isShowTop":false,"itemType":0,"layoutType":2,"selectMax":0,"selectMin":3,"showRightMenuType":0,"startNumber":0}],"mainType":"后三","maxWinning":0,"playTypeCode":"ssc_sanxing_zuxuan","playTypeExplain":"手动输入一个3位数号码组成一注，所选的号码与开奖的号码的百、十、个位相同，顺序不限，即为中奖。","playTypeName":"组六单式","sampleBet":"投注方案：123 ","sampleOpen":"开奖号码：后三位321(顺序不限)，即中后三组选六。","scheme":"后三组选","singleExplain":"手动输入号码，至少输入1个三位数号码（三个数字完全不相同）。"},{"betCode":"ssc_sanxing_zuxuan_hshhzx","isRelation":true,"isSelected":false,"mLayoutBeans":[{"childItemCount":0,"isSelectEqual":true,"isShowTop":false,"itemType":0,"layoutType":2,"selectMax":0,"selectMin":3,"showRightMenuType":0,"startNumber":0}],"mainType":"后三","maxWinning":0,"playTypeCode":"ssc_sanxing_zuxuan","playTypeExplain":"手动输入一个3位数号码组成一注(不包含豹子号)，开奖号码后3位为组选三或组选六形态，投注号码与开奖号码后三位相同，顺序不限，即为中奖。","playTypeName":"混合组选","sampleBet":"投注方案：001和123 ","sampleOpen":"开奖号码：后三位010(顺序不限)，即中后三组选三，或后三位312(顺序不限)，即中后三组选六。","scheme":"后三组选","singleExplain":"手动至少输入三个号码构成一注(不包含豹子号)。"},{"betCode":"ssc_sanxing_zuxuan_hszxhz","isRelation":true,"isSelected":false,"mLayoutBeans":[{"childItemCount":26,"isSelectEqual":true,"isShowTop":false,"itemType":0,"layoutTitle":"和值","layoutType":0,"selectMax":0,"selectMin":1,"showRightMenuType":1,"splitCharacter":"|","startNumber":1}],"mainType":"后三","maxWinning":0,"playTypeCode":"ssc_sanxing_zuxuan","playTypeExplain":"开奖号码后3位数号码组成一注(不包含豹子号)，开奖号码后3位为组选三或组选六形态，所选数值等于开奖号码的百、十、个位三个数字相加之和，即为中奖。","playTypeName":"组选和值","sampleBet":"投注方案：和值：3","sampleOpen":"开奖号码：后三位003(顺序不限)，即中后三组选三，或者后三位012(顺序不限)即中后三组选六。","scheme":"后三组选","singleExplain":"从1-26中选择1个号码。"},{"betCode":"ssc_sanxing_zuxuan_hszxbd","isRelation":true,"isSelected":false,"mLayoutBeans":[{"childItemCount":10,"isSelectEqual":true,"isShowTop":false,"itemType":0,"layoutTitle":"包胆","layoutType":0,"selectMax":1,"selectMin":1,"showRightMenuType":2,"startNumber":0}],"mainType":"后三","maxWinning":0,"playTypeCode":"ssc_sanxing_zuxuan","playTypeExplain":"从0-9号码中任意选择一个胆码，开奖号码后三位为组选三或组选六形态(不含豹子号)，投注号码与开奖后三位中任意一位相同，即为中奖。","playTypeName":"组选包胆","sampleBet":"投注方案：包胆3","sampleOpen":"开奖号码：后三位3XX或者33X，即中后三组选三，后三位3XY，即中后三组选六","scheme":"后三组选","singleExplain":"从0-9中选择1个号码。"}],"parentTitle":"后三","totalType":"官方玩法","type":"后三组选"},{"mPlayBeans":[{"betCode":"ssc_sanxing_zuxuan_hshzws","isRelation":true,"isSelected":false,"mLayoutBeans":[{"childItemCount":10,"isSelectEqual":true,"isShowTop":false,"itemType":0,"layoutTitle":"和值尾数","layoutType":0,"selectMax":0,"selectMin":1,"showRightMenuType":0,"splitCharacter":"|","startNumber":0}],"mainType":"后三","maxWinning":0,"playTypeCode":"ssc_sanxing_teshu","playTypeExplain":"所选号码等于开奖号码的百、十、个位数字相加之和的尾数，即为中奖。","playTypeName":"和值尾数","sampleBet":"投注方案：和值尾数8 ","sampleOpen":"开奖号码：后三位936，和值尾数为8，即中和值尾数。","scheme":"后三其它","singleExplain":"从0-9中选择1个号码。"},{"betCode":"ssc_sanxing_zuxuan_hsts","isRelation":true,"isSelected":false,"mLayoutBeans":[{"childItemCount":3,"isSelectEqual":true,"isShowTop":false,"itemType":0,"layoutTitle":"特殊号","layoutType":0,"mChildLayoutBeans":[{"isSelected":false,"number":"豹子","numberRelevant":-1},{"isSelected":false,"number":"顺子","numberRelevant":-1},{"isSelected":false,"number":"对子","numberRelevant":-1}],"selectMax":0,"selectMin":1,"showRightMenuType":2,"splitCharacter":"|","startNumber":0}],"mainType":"后三","maxWinning":0,"playTypeCode":"ssc_sanxing_teshu","playTypeExplain":"所选号码特殊属性与开奖号码后三位号码属性一致，即为中奖。其中：1.顺子号的百、十、个位不分顺序(特别号码：019、089也是顺子号)；2.对子号指的是开奖号码的后三位当中，任意两位数字相同的三位数号码","playTypeName":"特殊号","sampleBet":"投注方案：豹子顺子对子 ","sampleOpen":"开奖号码：后三位888，即中豹子；后三位678，即中顺子；后三位558，即中对子。","scheme":"后三其它","singleExplain":"选择1个或一个以上特殊号码。"}],"parentTitle":"后三","totalType":"官方玩法","type":"后三其它"},{"mPlayBeans":[{"betCode":"ssc_sanxing_zhixuan_qsfs","isRelation":true,"isSelected":false,"mLayoutBeans":[{"childItemCount":10,"isSelectEqual":true,"isShowTop":false,"itemType":0,"layoutTitle":"万位","layoutType":0,"selectMax":0,"selectMin":1,"showRightMenuType":0,"startNumber":0},{"childItemCount":10,"isSelectEqual":true,"isShowTop":false,"itemType":0,"layoutTitle":"千位","layoutType":0,"selectMax":0,"selectMin":1,"showRightMenuType":0,"startNumber":0},{"childItemCount":10,"isSelectEqual":true,"isShowTop":false,"itemType":0,"layoutTitle":"百位","layoutType":0,"selectMax":0,"selectMin":1,"showRightMenuType":0,"startNumber":0}],"mainType":"前三","maxWinning":0,"playTypeCode":"ssc_sanxing_zhixuan","playTypeExplain":"从万、千、百位中至少各选择1个号码组成一注，所选号码与开奖号码全部相同，且顺序一致，即为中奖。","playTypeName":"直选复式","sampleBet":"投注方案：345 ","sampleOpen":"开奖号码:前三位：345，即中前三位直选。","scheme":"前三直选","singleExplain":"从万位、千位、百位各选一个号码组成一注。"},{"betCode":"ssc_sanxing_zhixuan_qsds","isRelation":true,"isSelected":false,"mLayoutBeans":[{"childItemCount":0,"isSelectEqual":true,"isShowTop":false,"itemType":0,"layoutType":2,"selectMax":0,"selectMin":3,"showRightMenuType":0,"startNumber":0}],"mainType":"前三","maxWinning":0,"playTypeCode":"ssc_sanxing_zhixuan","playTypeExplain":"从万、千、百位中至少各选择1个号码组成一注，所选号码与开奖号码全部相同，且顺序一致，即为中奖。","playTypeName":"直选单式","sampleBet":"投注方案：345","sampleOpen":"开奖号码：345，即中前三直选。","scheme":"前三直选","singleExplain":"手动输入号码，至少输入1个3位数号码组成一注。 "},{"betCode":"ssc_sanxing_zhixuan_qszh","isRelation":true,"isSelected":false,"mLayoutBeans":[{"childItemCount":10,"isSelectEqual":true,"isShowTop":false,"itemType":0,"layoutTitle":"万位","layoutType":0,"selectMax":0,"selectMin":1,"showRightMenuType":0,"startNumber":0},{"childItemCount":10,"isSelectEqual":true,"isShowTop":false,"itemType":0,"layoutTitle":"千位","layoutType":0,"selectMax":0,"selectMin":1,"showRightMenuType":0,"startNumber":0},{"childItemCount":10,"isSelectEqual":true,"isShowTop":false,"itemType":0,"layoutTitle":"百位","layoutType":0,"selectMax":0,"selectMin":1,"showRightMenuType":0,"startNumber":0}],"mainType":"前三","maxWinning":0,"playTypeCode":"ssc_sanxing_zhixuan","playTypeExplain":"从万、千、百位中至少各选择1个号码组成1-3星的组合共三注，当百位数与开奖号码相同，则中一个3等奖；如果百位和千位号码和开奖号码相同，则中一个3等奖以及一个2等奖，以次类推，最高可中3个奖。","playTypeName":"前三组合","sampleBet":"投注方案：购买：6+7+8，由以下三注：678(三星)、78(二星)、8(一星)构成 ","sampleOpen":"开奖号码：678，即可中奖 一星、二星、三星各一注。","scheme":"前三直选","singleExplain":"从万位、千位、百位各选一个号码组成三注。"},{"betCode":"ssc_sanxing_zhixuan_qshz","isRelation":true,"isSelected":false,"mLayoutBeans":[{"childItemCount":28,"isSelectEqual":true,"isShowTop":false,"itemType":0,"layoutTitle":"和值","layoutType":0,"selectMax":0,"selectMin":1,"showRightMenuType":1,"splitCharacter":"|","startNumber":0}],"mainType":"前三","maxWinning":0,"playTypeCode":"ssc_sanxing_zhixuan","playTypeExplain":"所选号码数值等于开奖号码的万、千、百三个数值相加之和，即为中奖。","playTypeName":"直选和值","sampleBet":"投注方案：和值：1","sampleOpen":"开奖号码：前三位001、010、100，即中前三直选。","scheme":"前三直选","singleExplain":"从0-27中任意选择1个或1个以上号码。"},{"betCode":"ssc_sanxing_zhixuan_qskd","isRelation":true,"isSelected":false,"mLayoutBeans":[{"childItemCount":10,"isSelectEqual":true,"isShowTop":false,"itemType":0,"layoutTitle":"跨度","layoutType":0,"selectMax":0,"selectMin":1,"showRightMenuType":0,"startNumber":0}],"mainType":"前三","maxWinning":0,"playTypeCode":"ssc_sanxing_zhixuan","playTypeExplain":"所选数值与开奖号码前三位最大和最小数字相减之差，即为中奖。","playTypeName":"直选跨度","sampleBet":"投注方案：跨度：8","sampleOpen":"开奖号码：**129，最大号码9与最小号码1相减值等于8，所选号与跨度号码相同即中奖。","scheme":"前三直选","singleExplain":"从0-9中选择1个以上号码。"}],"parentTitle":"前三","totalType":"官方玩法","type":"前三直选"},{"mPlayBeans":[{"betCode":"ssc_sanxing_zuxuan_qsz3fs","isRelation":true,"isSelected":false,"mLayoutBeans":[{"childItemCount":10,"isSelectEqual":true,"isShowTop":false,"itemType":0,"layoutTitle":"组三","layoutType":0,"selectMax":0,"selectMin":2,"showRightMenuType":0,"startNumber":0}],"mainType":"前三","maxWinning":0,"playTypeCode":"ssc_sanxing_zuxuan","playTypeExplain":"从0-9号码中至少选择2个号码组成两注，所选号码与开奖号码的百、十、个位相同，且顺序不限，即为中奖。","playTypeName":"组三复式","sampleBet":"规则 投注方案：588","sampleOpen":"开奖号码：后三位588(顺序不限)，即可中后三组选三。","scheme":"前三组选","singleExplain":"从0-9中任意选择2个或2个以上号码。 "},{"betCode":"ssc_sanxing_zuxuan_qsz3ds","isRelation":true,"isSelected":false,"mLayoutBeans":[{"childItemCount":0,"isSelectEqual":true,"isShowTop":false,"itemType":0,"layoutType":2,"selectMax":0,"selectMin":3,"showRightMenuType":0,"startNumber":0}],"mainType":"前三","maxWinning":0,"playTypeCode":"ssc_sanxing_zuxuan","playTypeExplain":"手动输入一个3位数号码组成一注，三个数字中必须有两个数字相同，输入的数字与开奖的万、千、百位相同，顺序不限，即为中奖。","playTypeName":"组三单式","sampleBet":"投注方案：001 ","sampleOpen":"开奖号码：前三位010(顺序不限)，即中前三组选三。","scheme":"前三组选","singleExplain":"手动输入号码，至少输入1个三位数号码（三个数字中必须有二个数字相同）。 "},{"betCode":"ssc_sanxing_zuxuan_qsz6fs","isRelation":true,"isSelected":false,"mLayoutBeans":[{"childItemCount":10,"isSelectEqual":true,"isShowTop":false,"itemType":0,"layoutTitle":"组六","layoutType":0,"selectMax":0,"selectMin":3,"showRightMenuType":0,"startNumber":0}],"mainType":"前三","maxWinning":0,"playTypeCode":"ssc_sanxing_zuxuan","playTypeExplain":"从0-9号码中至少选择3个号码组成一注，所选号码与开奖号码的万、千、百位相同，且顺序不限，即为中奖。","playTypeName":"组六复式","sampleBet":"投注方案：258","sampleOpen":"开奖号码：前三位852(顺序不限)，即可中前三组选六。","scheme":"前三组选","singleExplain":"从0-9中任意选择3个或3个以上号码。"},{"betCode":"ssc_sanxing_zuxuan_qsz6ds","isRelation":true,"isSelected":false,"mLayoutBeans":[{"childItemCount":0,"isSelectEqual":true,"isShowTop":false,"itemType":0,"layoutType":2,"selectMax":0,"selectMin":3,"showRightMenuType":0,"startNumber":0}],"mainType":"前三","maxWinning":0,"playTypeCode":"ssc_sanxing_zuxuan","playTypeExplain":"手动输入一个3位数号码组成一注，所选的号码与开奖的号码的万、千、百位相同，顺序不限，即为中奖。","playTypeName":"组六单式","sampleBet":"投注方案：123 ","sampleOpen":"开奖号码：前三位321(顺序不限)，即中前三组选六。","scheme":"前三组选","singleExplain":"手动输入号码，至少输入1个三位数号码（三个数字完全不相同）。"},{"betCode":"ssc_sanxing_zuxuan_qshhzx","isRelation":true,"isSelected":false,"mLayoutBeans":[{"childItemCount":0,"isSelectEqual":true,"isShowTop":false,"itemType":0,"layoutType":2,"selectMax":0,"selectMin":3,"showRightMenuType":0,"startNumber":0}],"mainType":"前三","maxWinning":0,"playTypeCode":"ssc_sanxing_zuxuan","playTypeExplain":"手动输入一个3位数号码组成一注(不包含豹子号)，开奖号码前3位为组选三或组选六形态，投注号码与开奖号码前三位相同，顺序不限，即为中奖。","playTypeName":"混合组选","sampleBet":"投注方案：001和123 ","sampleOpen":"开奖号码：前三位010(顺序不限)，即中前三组选三，或前三位312(顺序不限)，即中前三组选六。","scheme":"前三组选","singleExplain":"手动至少输入三个号码构成一注(不包含豹子号)。"},{"betCode":"ssc_sanxing_zuxuan_qszxhz","isRelation":true,"isSelected":false,"mLayoutBeans":[{"childItemCount":26,"isSelectEqual":true,"isShowTop":false,"itemType":0,"layoutTitle":"和值","layoutType":0,"selectMax":0,"selectMin":1,"showRightMenuType":1,"splitCharacter":"|","startNumber":1}],"mainType":"前三","maxWinning":0,"playTypeCode":"ssc_sanxing_zuxuan","playTypeExplain":"开奖号码前3位数号码组成一注(不包含豹子号)，开奖号码前3位为组选三或组选六形态，所选数值等于开奖号码的万、千、百位三个数字相加之和，即为中奖。","playTypeName":"组选和值","sampleBet":"投注方案：和值：3","sampleOpen":"开奖号码：前三位003(顺序不限)，即中前三组选三，或者前三位012(顺序不限)即中前三组选六。","scheme":"前三组选","singleExplain":"从1-26中选择1个号码。"},{"betCode":"ssc_sanxing_zuxuan_qszxbd","isRelation":true,"isSelected":false,"mLayoutBeans":[{"childItemCount":10,"isSelectEqual":true,"isShowTop":false,"itemType":0,"layoutTitle":"包胆","layoutType":0,"selectMax":1,"selectMin":1,"showRightMenuType":2,"startNumber":0}],"mainType":"前三","maxWinning":0,"playTypeCode":"ssc_sanxing_zuxuan","playTypeExplain":"从0-9号码中任意选择一个胆码，开奖号码前三位为组选三或组选六形态(不含豹子号)，投注号码与开奖前三位中任意一位相同，即为中奖。","playTypeName":"组选包胆","sampleBet":"投注方案：包胆3","sampleOpen":"开奖号码：前三位3XX或者33X，即中前三组选三，前三位3XY，即中前三组选六","scheme":"前三组选","singleExplain":"从0-9中选择1个号码。"}],"parentTitle":"前三","totalType":"官方玩法","type":"前三组选"},{"mPlayBeans":[{"betCode":"ssc_sanxing_zuxuan_qshzws","isRelation":true,"isSelected":false,"mLayoutBeans":[{"childItemCount":10,"isSelectEqual":true,"isShowTop":false,"itemType":0,"layoutTitle":"和值尾数","layoutType":0,"selectMax":0,"selectMin":1,"showRightMenuType":0,"splitCharacter":"|","startNumber":0}],"mainType":"前三","maxWinning":0,"playTypeCode":"ssc_sanxing_teshu","playTypeExplain":"所选号码等于开奖号码的万、千、百位数字相加之和的尾数，即为中奖。","playTypeName":"和值尾数","sampleBet":"投注方案：和值尾数8 ","sampleOpen":"开奖号码：前三位936，和值尾数为8，即中和值尾数。","scheme":"前三其它","singleExplain":"从0-9中选择1个号码。"},{"betCode":"ssc_sanxing_zuxuan_qsts","isRelation":true,"isSelected":false,"mLayoutBeans":[{"childItemCount":3,"isSelectEqual":true,"isShowTop":false,"itemType":0,"layoutTitle":"特殊号","layoutType":0,"mChildLayoutBeans":[{"isSelected":false,"number":"豹子","numberRelevant":-1},{"isSelected":false,"number":"顺子","numberRelevant":-1},{"isSelected":false,"number":"对子","numberRelevant":-1}],"selectMax":0,"selectMin":1,"showRightMenuType":2,"splitCharacter":"|","startNumber":0}],"mainType":"前三","maxWinning":0,"playTypeCode":"ssc_sanxing_teshu","playTypeExplain":"所选号码特殊属性与开奖号码前三位号码属性一致，即为中奖。其中：1.顺子号的万、千、百位不分顺序(特别号码：019、089也是顺子号)；2.对子号指的是开奖号码的前三位当中，任意两位数字相同的三位数号码","playTypeName":"特殊号","sampleBet":"投注方案：豹子顺子对子 ","sampleOpen":"开奖号码：前三位888，即中豹子；前三位678，即中顺子；前三位558，即中对子。","scheme":"前三其它","singleExplain":"选择1个或一个以上特殊号码。"}],"parentTitle":"前三","totalType":"官方玩法","type":"前三其它"},{"mPlayBeans":[{"betCode":"ssc_wuxing_zhixuan_fs","isRelation":true,"isSelected":false,"mLayoutBeans":[{"childItemCount":10,"isSelectEqual":true,"isShowTop":false,"itemType":0,"layoutTitle":"万位","layoutType":0,"selectMax":0,"selectMin":1,"showRightMenuType":0,"startNumber":0},{"childItemCount":10,"isSelectEqual":true,"isShowTop":false,"itemType":0,"layoutTitle":"千位","layoutType":0,"selectMax":0,"selectMin":1,"showRightMenuType":0,"startNumber":0},{"childItemCount":10,"isSelectEqual":true,"isShowTop":false,"itemType":0,"layoutTitle":"百位","layoutType":0,"selectMax":0,"selectMin":1,"showRightMenuType":0,"startNumber":0},{"childItemCount":10,"isSelectEqual":true,"isShowTop":false,"itemType":0,"layoutTitle":"十位","layoutType":0,"selectMax":0,"selectMin":1,"showRightMenuType":0,"startNumber":0},{"childItemCount":10,"isSelectEqual":true,"isShowTop":false,"itemType":0,"layoutTitle":"个位","layoutType":0,"selectMax":0,"selectMin":1,"showRightMenuType":0,"startNumber":0}],"mainType":"五星","maxWinning":0,"playTypeCode":"ssc_wuxing_zhixuan","playTypeExplain":"从万、千、百、十、个位中至少各选择1个号码组成一注，所选号码与开奖号码全部相同，且顺序一致，即为中奖。","playTypeName":"直选复式","sampleBet":"投注方案：13456 ","sampleOpen":"开奖号码：13456，即中五星直选。","scheme":"五星直选","singleExplain":"从万位、千位、百位、十位、个位各选一个号码组成一注。"},{"betCode":"ssc_wuxing_zhixuan_ds","isRelation":true,"isSelected":false,"mLayoutBeans":[{"childItemCount":0,"isSelectEqual":true,"isShowTop":false,"itemType":0,"layoutType":2,"selectMax":0,"selectMin":5,"showRightMenuType":0,"startNumber":0}],"mainType":"五星","maxWinning":0,"playTypeCode":"ssc_wuxing_zhixuan","playTypeExplain":"手动输入一个五位数号码组成一注，所选的号码万、千、百、十、个位与号码相同，且顺序一致即为中奖。","playTypeName":"直选单式","sampleBet":"投注方案：23456 ","sampleOpen":"开奖号码：23456，即中五星直选。","scheme":"五星直选","singleExplain":"手动输入号码，至少输入1个五位数号码组成一注。"}],"parentTitle":"五星","totalType":"官方玩法","type":"五星直选"},{"mPlayBeans":[{"betCode":"ssc_sixing_zhixuan_fs","isRelation":true,"isSelected":false,"mLayoutBeans":[{"childItemCount":10,"isSelectEqual":true,"isShowTop":false,"itemType":0,"layoutTitle":"千位","layoutType":0,"selectMax":0,"selectMin":1,"showRightMenuType":0,"startNumber":0},{"childItemCount":10,"isSelectEqual":true,"isShowTop":false,"itemType":0,"layoutTitle":"百位","layoutType":0,"selectMax":0,"selectMin":1,"showRightMenuType":0,"startNumber":0},{"childItemCount":10,"isSelectEqual":true,"isShowTop":false,"itemType":0,"layoutTitle":"十位","layoutType":0,"selectMax":0,"selectMin":1,"showRightMenuType":0,"startNumber":0},{"childItemCount":10,"isSelectEqual":true,"isShowTop":false,"itemType":0,"layoutTitle":"个位","layoutType":0,"selectMax":0,"selectMin":1,"showRightMenuType":0,"startNumber":0}],"mainType":"四星","maxWinning":0,"playTypeCode":"ssc_sixing_zhixuan","playTypeExplain":"从千、百、十、个位中至少各选择1个号码组成一注，所选号码与开奖号码后四位相同，且顺序一致，即为中奖。","playTypeName":"直选复式","sampleBet":"投注方案：3456 ","sampleOpen":"开奖号码后四位：3456，即中四星直选。","scheme":"四星直选","singleExplain":"从千位、百位、十位、个位各选一个号码组成一注。"},{"betCode":"ssc_sixing_zhixuan_ds","isRelation":true,"isSelected":false,"mLayoutBeans":[{"childItemCount":0,"isSelectEqual":true,"isShowTop":false,"itemType":0,"layoutType":2,"selectMax":0,"selectMin":4,"showRightMenuType":0,"startNumber":0}],"mainType":"四星","maxWinning":0,"playTypeCode":"ssc_sixing_zhixuan","playTypeExplain":"手动输入一个五位数号码组成一注，所选的号码万、千、百、十、个位与号码相同，且顺序一致即为中奖。","playTypeName":"直选单式","sampleBet":"投注方案：23456 ","sampleOpen":"开奖号码：23456，即中五星直选。","scheme":"四星直选","singleExplain":"手动输入号码，至少输入1个五位数号码组成一注。"}],"parentTitle":"四星","totalType":"官方玩法","type":"四星直选"},{"mPlayBeans":[{"betCode":"ssc_erxing_zhixuan_qefs","isRelation":true,"isSelected":false,"mLayoutBeans":[{"childItemCount":10,"isSelectEqual":true,"isShowTop":false,"itemType":0,"layoutTitle":"万位","layoutType":0,"selectMax":0,"selectMin":1,"showRightMenuType":0,"startNumber":0},{"childItemCount":10,"isSelectEqual":true,"isShowTop":false,"itemType":0,"layoutTitle":"千位","layoutType":0,"selectMax":0,"selectMin":1,"showRightMenuType":0,"startNumber":0}],"mainType":"前二","maxWinning":0,"playTypeCode":"ssc_erxing_zhixuan","playTypeExplain":"从万、千位中至少各选择1个号码组成一注，所选号码与开奖号码的前2位相同，且顺序一致，即为中奖。","playTypeName":"直选复式","sampleBet":"投注方案：58 ","sampleOpen":"开奖号码前两位：58，即中前二直选。","scheme":"前二直选","singleExplain":"从万位、千位中至少各选1个号码组成一注。"},{"betCode":"ssc_erxing_zhixuan_qeds","isRelation":true,"isSelected":false,"mLayoutBeans":[{"childItemCount":0,"isSelectEqual":true,"isShowTop":false,"itemType":0,"layoutType":2,"selectMax":0,"selectMin":2,"showRightMenuType":0,"startNumber":0}],"mainType":"前二","maxWinning":0,"playTypeCode":"ssc_erxing_zhixuan","playTypeExplain":"手动输入2个号码组成一注，输入号码的万、千位与开奖号码相同，且顺序一致，即为中奖。","playTypeName":"直选单式","sampleBet":"投注方案：58 ","sampleOpen":"开奖号码前两位：58，即中前二直选。","scheme":"前二直选","singleExplain":"手动输入号码，至少输入1个二位数号码组成一注。"},{"betCode":"ssc_erxing_zhixuan_qehz","isRelation":true,"isSelected":false,"mLayoutBeans":[{"childItemCount":19,"isSelectEqual":true,"isShowTop":false,"itemType":0,"layoutTitle":"和值","layoutType":0,"selectMax":0,"selectMin":1,"showRightMenuType":1,"splitCharacter":"|","startNumber":0}],"mainType":"前二","maxWinning":0,"playTypeCode":"ssc_erxing_zhixuan","playTypeExplain":"开奖号码的万、千位中两个数字相加之和等于所选和值，即为中奖。","playTypeName":"直选和值","sampleBet":"投注方案：和值1 ","sampleOpen":"开奖号码前两位：01或10，即中前二和值。","scheme":"前二直选","singleExplain":"从0-18中任意选择1个或1个以上的和值号码。"},{"betCode":"ssc_erxing_zhixuan_qekd","isRelation":true,"isSelected":false,"mLayoutBeans":[{"childItemCount":10,"isSelectEqual":true,"isShowTop":false,"itemType":0,"layoutTitle":"跨度","layoutType":0,"selectMax":0,"selectMin":1,"showRightMenuType":0,"startNumber":0}],"mainType":"前二","maxWinning":0,"playTypeCode":"ssc_erxing_zhixuan","playTypeExplain":"所选数值等于前二位最大数与最小数相减之差，即为中奖。","playTypeName":"直选跨度","sampleBet":"投注方案：跨度9 ","sampleOpen":"开奖号码：90***，最大值9与最小值0相减之差即为跨度值，当所选号与跨度号码相同，即为中奖。","scheme":"前二直选","singleExplain":"从0-9中任意选择1个号码组成一注。"}],"parentTitle":"前二","totalType":"官方玩法","type":"前二直选"},{"mPlayBeans":[{"betCode":"ssc_erxing_zuxuan_qefs","isRelation":true,"isSelected":false,"mLayoutBeans":[{"childItemCount":10,"isSelectEqual":true,"isShowTop":false,"itemType":0,"layoutTitle":"组选","layoutType":0,"selectMax":0,"selectMin":2,"showRightMenuType":0,"startNumber":0}],"mainType":"前二","maxWinning":0,"playTypeCode":"ssc_erxing_zuxuan","playTypeExplain":"从0-9号码中选取两个号码组成一注，所选号码与开奖号码的万、千位相同，顺序不限，即为中奖。","playTypeName":"组选复式","sampleBet":"投注方案：58 ","sampleOpen":"开奖号码：前两位 58 或 85(顺序不限，不含对子号)，即为中奖。","scheme":"前二组选","singleExplain":"从0-9中任意选择2个或2个以上号码。"},{"betCode":"ssc_erxing_zuxuan_qeds","isRelation":true,"isSelected":false,"mLayoutBeans":[{"childItemCount":0,"isSelectEqual":true,"isShowTop":false,"itemType":0,"layoutType":2,"selectMax":0,"selectMin":2,"showRightMenuType":0,"startNumber":0}],"mainType":"前二","maxWinning":0,"playTypeCode":"ssc_erxing_zuxuan","playTypeExplain":"手动输入2个号码组成一注，输入号码的万、千位与开奖号码相同，且顺序不限，即为中奖。","playTypeName":"组选单式","sampleBet":"投注方案：58 ","sampleOpen":"开奖号码：前二位 58 或者 85(顺序不限，不含对子号)，即中前二组选。","scheme":"前二组选","singleExplain":"手动输入号码，至少输入1个二位数号码组成一注。"},{"betCode":"ssc_erxing_zuxuan_qehz","isRelation":true,"isSelected":false,"mLayoutBeans":[{"childItemCount":17,"isSelectEqual":true,"isShowTop":false,"itemType":0,"layoutTitle":"和值","layoutType":0,"selectMax":0,"selectMin":1,"showRightMenuType":0,"splitCharacter":"|","startNumber":1}],"mainType":"前二","maxWinning":0,"playTypeCode":"ssc_erxing_zuxuan","playTypeExplain":"开奖号码的万、千位中两个数字相加之和等于所选号(不含对子号)，即为中奖。","playTypeName":"组选和值","sampleBet":"投注方案：和值1 ","sampleOpen":"开奖号码前两位：01或10(顺序不限，不含对子号)，即中前二组选。","scheme":"前二组选","singleExplain":"从1-17中任意选择1个或者1个以上号码。"},{"betCode":"ssc_erxing_zuxuan_qebd","isRelation":true,"isSelected":false,"mLayoutBeans":[{"childItemCount":10,"isSelectEqual":true,"isShowTop":false,"itemType":0,"layoutTitle":"胆码","layoutType":0,"selectMax":1,"selectMin":1,"showRightMenuType":2,"startNumber":0}],"mainType":"前二","maxWinning":0,"playTypeCode":"ssc_erxing_zuxuan","playTypeExplain":"从0-9号码中任意选取一个胆码，开奖号码前二位各不相同(不含对子号)，投注号码与开奖号码前二位中任意一位相同，即为中奖。","playTypeName":"组选包胆","sampleBet":"投注方案：包胆8 ","sampleOpen":"开奖号码：前二位 8×，且×不等于8，即中前二组选。","scheme":"前二组选","singleExplain":"从0-9中任意选择1个包胆号码。 "}],"parentTitle":"前二","totalType":"官方玩法","type":"前二组选"},{"mPlayBeans":[{"betCode":"ssc_budingwei_q3ym","isRelation":true,"isSelected":false,"mLayoutBeans":[{"childItemCount":10,"isSelectEqual":true,"isShowTop":false,"itemType":0,"layoutTitle":"不定位","layoutType":0,"selectMax":0,"selectMin":1,"showRightMenuType":0,"startNumber":0}],"mainType":"不定位","maxWinning":0,"playTypeCode":"ssc_budingwei_sanxing","playTypeExplain":"从0-9中任意选择1个以上号码，每组由一个号码组成，只要开奖号码万、千、百位中包含所选号码，即为中奖。（同个号码出现多次只计一次中奖）","playTypeName":"前三一码","sampleBet":"投注方案：1 ","sampleOpen":"开奖号码：前三位，至少出现1个1，即中前三一码不定位。","scheme":"三星","singleExplain":"从0-9中任意选择1个以上号码。"},{"betCode":"ssc_budingwei_q3em","isRelation":true,"isSelected":false,"mLayoutBeans":[{"childItemCount":10,"isSelectEqual":true,"isShowTop":false,"itemType":0,"layoutTitle":"不定位","layoutType":0,"selectMax":0,"selectMin":2,"showRightMenuType":0,"startNumber":0}],"mainType":"不定位","maxWinning":0,"playTypeCode":"ssc_budingwei_sanxing","playTypeExplain":"从0-9中至少 选择2个以上号码，每组由2个号码组成，只要开奖号码万、千、百位中同时包含所选的2个号码，即为中奖。（同个号码出现多次只计一次中奖）","playTypeName":"前三二码","sampleBet":"投注方案：12 ","sampleOpen":"开奖号码：前三位，至少出现1和2各一个，即中前三二码不定位。","scheme":"三星","singleExplain":"从0-9中任意选择2个以上号码。"},{"betCode":"ssc_budingwei_h3ym","isRelation":true,"isSelected":false,"mLayoutBeans":[{"childItemCount":10,"isSelectEqual":true,"isShowTop":false,"itemType":0,"layoutTitle":"不定位","layoutType":0,"selectMax":0,"selectMin":1,"showRightMenuType":0,"startNumber":0}],"mainType":"不定位","maxWinning":0,"playTypeCode":"ssc_budingwei_sanxing","playTypeExplain":"从0-9中任意选择1个以上号码，每组由一个号码组成，只要开奖号码百、十、个位中包含所选号码，即为中奖。（同个号码出现多次只计一次中奖）","playTypeName":"后三一码","sampleBet":"投注方案：1 ","sampleOpen":"开奖号码：后三位至少出现1个1，即中后三一码不定位。","scheme":"三星","singleExplain":"从0-9中任意选择1个以上号码。"},{"betCode":"ssc_budingwei_h3em","isRelation":true,"isSelected":false,"mLayoutBeans":[{"childItemCount":10,"isSelectEqual":true,"isShowTop":false,"itemType":0,"layoutTitle":"不定位","layoutType":0,"selectMax":0,"selectMin":2,"showRightMenuType":0,"startNumber":0}],"mainType":"不定位","maxWinning":0,"playTypeCode":"ssc_budingwei_sanxing","playTypeExplain":"从0-9中至少 选择2个以上号码，每组由2个号码组成，只要开奖号码百、十、个位中同时包含所选的2个号码，即为中奖。（同个号码出现多次只计一次中奖）","playTypeName":"后三二码","sampleBet":"投注方案：12 ","sampleOpen":"开奖号码：后三位至少出现1和2各一个，即中后三二码不定位。","scheme":"三星","singleExplain":"从0-9中任意选择2个以上号码。"}],"parentTitle":"不定位","totalType":"官方玩法","type":"三星"},{"mPlayBeans":[{"betCode":"ssc_budingwei_q4ym","isRelation":true,"isSelected":false,"mLayoutBeans":[{"childItemCount":10,"isSelectEqual":true,"isShowTop":false,"itemType":0,"layoutTitle":"不定位","layoutType":0,"selectMax":0,"selectMin":1,"showRightMenuType":0,"startNumber":0}],"mainType":"不定位","maxWinning":0,"playTypeCode":"ssc_budingwei_sixing","playTypeExplain":"从0-9中任意选择1个以上号码，每组由一个号码组成，只要开奖号码万、千、百、十位中包含所选号码，即为中奖。（同个号码出现多次只计一次中奖）","playTypeName":"前四一码","sampleBet":"投注方案：1 ","sampleOpen":"开奖号码：前四位至少出现1个1，即中前四不定位。","scheme":"四星","singleExplain":"从0-9中任意选择1个以上号码。 "},{"betCode":"ssc_budingwei_q4em","isRelation":true,"isSelected":false,"mLayoutBeans":[{"childItemCount":10,"isSelectEqual":true,"isShowTop":false,"itemType":0,"layoutTitle":"不定位","layoutType":0,"selectMax":0,"selectMin":2,"showRightMenuType":0,"startNumber":0}],"mainType":"不定位","maxWinning":0,"playTypeCode":"ssc_budingwei_sixing","playTypeExplain":"从0-9中至少选择2个以上号码，每组由2个号码组成，只要开奖号码万、千、百、十位中同时包含所选的2个号码，即为中奖。（同个号码出现多次只计一次中奖）","playTypeName":"前四二码","sampleBet":"投注方案：12 ","sampleOpen":"开奖号码：前四位至少出现1和2各一个，即中前四二码不定位。","scheme":"四星","singleExplain":"从0-9中任意选择2个以上号码。 "},{"betCode":"ssc_budingwei_h4ym","isRelation":true,"isSelected":false,"mLayoutBeans":[{"childItemCount":10,"isSelectEqual":true,"isShowTop":false,"itemType":0,"layoutTitle":"不定位","layoutType":0,"selectMax":0,"selectMin":1,"showRightMenuType":0,"startNumber":0}],"mainType":"不定位","maxWinning":0,"playTypeCode":"ssc_budingwei_sixing","playTypeExplain":"从0-9中任意选择1个以上号码，每组由一个号码组成，只要开奖号码千、百、十、个位中包含所选号码，即为中奖。（同个号码出现多次只计一次中奖）","playTypeName":"后四一码","sampleBet":"投注方案：1 ","sampleOpen":"开奖号码：后四位至少出现1个1，即中后四不定位。","scheme":"四星","singleExplain":"从0-9中任意选择1个以上号码。"},{"betCode":"ssc_budingwei_h4em","isRelation":true,"isSelected":false,"mLayoutBeans":[{"childItemCount":10,"isSelectEqual":true,"isShowTop":false,"itemType":0,"layoutTitle":"不定位","layoutType":0,"selectMax":0,"selectMin":2,"showRightMenuType":0,"startNumber":0}],"mainType":"不定位","maxWinning":0,"playTypeCode":"ssc_budingwei_sixing","playTypeExplain":"从0-9中至少选择2个以上号码，每组由2个号码组成，只要开奖号码千、百、十、个位中同时包含所选的2个号码，即为中奖。（同个号码出现多次只计一次中奖）","playTypeName":"后四二码","sampleBet":"投注方案：12 ","sampleOpen":"开奖号码：后四位至少出现1和2各一个，即中后四二码不定位。","scheme":"四星","singleExplain":"从0-9中任意选择2个以上号码。"}],"parentTitle":"不定位","totalType":"官方玩法","type":"四星"},{"mPlayBeans":[{"betCode":"ssc_budingwei_wxem","isRelation":true,"isSelected":false,"mLayoutBeans":[{"childItemCount":10,"isSelectEqual":true,"isShowTop":false,"itemType":0,"layoutTitle":"不定位","layoutType":0,"selectMax":0,"selectMin":2,"showRightMenuType":0,"startNumber":0}],"mainType":"不定位","maxWinning":0,"playTypeCode":"ssc_budingwei_wuxing","playTypeExplain":"从0-9中至少选择2个以上号码，每组由2个号码组成，只要开奖号码中同时包含所选的2个号码，即为中奖。（同个号码出现多次只计一次中奖）","playTypeName":"五星二码","sampleBet":"投注方案：12 ","sampleOpen":"开奖号码：至少出现1和2各一个，即中五星二码不定位。","scheme":"五星","singleExplain":"从0-9中任意选择2个以上号码。 "},{"betCode":"ssc_budingwei_wxsm","isRelation":true,"isSelected":false,"mLayoutBeans":[{"childItemCount":10,"isSelectEqual":true,"isShowTop":false,"itemType":0,"layoutTitle":"不定位","layoutType":0,"selectMax":0,"selectMin":3,"showRightMenuType":0,"startNumber":0}],"mainType":"不定位","maxWinning":0,"playTypeCode":"ssc_budingwei_wuxing","playTypeExplain":"从0-9中至少选择3个以上号码，每组由3个号码组成，只要开奖号码中同时包含所选的3个号码，即为中奖。（同个号码出现多次只计一次中奖）","playTypeName":"五星三码","sampleBet":"投注方案：123 ","sampleOpen":"开奖号码：至少出现1和2及3各一个，即中五星三码不定位。","scheme":"五星","singleExplain":"从0-9中任意选择3个以上号码。"}],"parentTitle":"不定位","totalType":"官方玩法","type":"五星"},{"mPlayBeans":[{"betCode":"ssc_yixing_dwd","isRelation":false,"isSelected":false,"mLayoutBeans":[{"childItemCount":10,"isSelectEqual":true,"isShowTop":false,"itemType":0,"layoutTitle":"万位","layoutType":0,"selectMax":0,"selectMin":1,"showRightMenuType":0,"startNumber":0},{"childItemCount":10,"isSelectEqual":true,"isShowTop":false,"itemType":0,"layoutTitle":"千位","layoutType":0,"selectMax":0,"selectMin":1,"showRightMenuType":0,"startNumber":0},{"childItemCount":10,"isSelectEqual":true,"isShowTop":false,"itemType":0,"layoutTitle":"百位","layoutType":0,"selectMax":0,"selectMin":1,"showRightMenuType":0,"startNumber":0},{"childItemCount":10,"isSelectEqual":true,"isShowTop":false,"itemType":0,"layoutTitle":"十位","layoutType":0,"selectMax":0,"selectMin":1,"showRightMenuType":0,"startNumber":0},{"childItemCount":10,"isSelectEqual":true,"isShowTop":false,"itemType":0,"layoutTitle":"个位","layoutType":0,"selectMax":0,"selectMin":1,"showRightMenuType":0,"startNumber":0}],"mainType":"定胆位","maxWinning":0,"playTypeCode":"ssc_yixing","playTypeExplain":"从万、千、百、十、个位中至少选择1个号码组成一注，每注由一个号码组成，所选号码与相同位置上的开奖号码一致，即为中奖。","playTypeName":"定胆位","sampleBet":"投注方案：万位1 ","sampleOpen":"开奖号码：万位1，即中定位胆万位。","scheme":"定胆位","singleExplain":"在万位、千位、百位、十位、个位任意位置上任意选择1个或1个以上号码。"}],"parentTitle":"定胆位","totalType":"官方玩法","type":"定位胆"},{"mPlayBeans":[{"betCode":"ssc_daxiaodanshuang_q2","isRelation":true,"isSelected":false,"mLayoutBeans":[{"childItemCount":0,"isSelectEqual":true,"isShowTop":false,"itemType":0,"layoutTitle":"万位","layoutType":0,"mChildLayoutBeans":[{"isSelected":false,"number":"大","numberRelevant":-1},{"isSelected":false,"number":"小","numberRelevant":-1},{"isSelected":false,"number":"单","numberRelevant":-1},{"isSelected":false,"number":"双","numberRelevant":-1}],"selectMax":0,"selectMin":1,"showRightMenuType":2,"startNumber":0},{"childItemCount":0,"isSelectEqual":true,"isShowTop":false,"itemType":0,"layoutTitle":"千位","layoutType":0,"mChildLayoutBeans":[{"isSelected":false,"number":"大","numberRelevant":-1},{"isSelected":false,"number":"小","numberRelevant":-1},{"isSelected":false,"number":"单","numberRelevant":-1},{"isSelected":false,"number":"双","numberRelevant":-1}],"selectMax":0,"selectMin":1,"showRightMenuType":2,"startNumber":0}],"mainType":"大小单双","maxWinning":0,"playTypeCode":"ssc_daxiao_danshuang","playTypeExplain":"对万、千位的“大（56789）小（01234）、单（13579）双（02468）”形态进行购买，所选号码的位置、形态与开奖号码的位置、形态相同，即为中奖。","playTypeName":"前二大小单双","sampleBet":"投注方案：小双","sampleOpen":"开奖号码：万、千位“小、双”，即中前二大小单双。","scheme":"大小单双","singleExplain":"从万位、千位中的“大、小、单、双”中至少各选一个组成一注。"},{"betCode":"ssc_daxiaodanshuang_h2","isRelation":true,"isSelected":false,"mLayoutBeans":[{"childItemCount":0,"isSelectEqual":true,"isShowTop":false,"itemType":0,"layoutTitle":"十位","layoutType":0,"mChildLayoutBeans":[{"isSelected":false,"number":"大","numberRelevant":-1},{"isSelected":false,"number":"小","numberRelevant":-1},{"isSelected":false,"number":"单","numberRelevant":-1},{"isSelected":false,"number":"双","numberRelevant":-1}],"selectMax":0,"selectMin":1,"showRightMenuType":2,"startNumber":0},{"childItemCount":0,"isSelectEqual":true,"isShowTop":false,"itemType":0,"layoutTitle":"个位","layoutType":0,"mChildLayoutBeans":[{"isSelected":false,"number":"大","numberRelevant":-1},{"isSelected":false,"number":"小","numberRelevant":-1},{"isSelected":false,"number":"单","numberRelevant":-1},{"isSelected":false,"number":"双","numberRelevant":-1}],"selectMax":0,"selectMin":1,"showRightMenuType":2,"startNumber":0}],"mainType":"大小单双","maxWinning":0,"playTypeCode":"ssc_daxiao_danshuang","playTypeExplain":"对十位和个位的“大（56789）小（01234）、单（13579）双（02468）”形态进行购买，所选号码的位置、形态与开奖号码的位置、形态相同，即为中奖。","playTypeName":"后二大小单双","sampleBet":"投注方案：大单","sampleOpen":"开奖号码：十、个位“大单”，即中后二大小单双。","scheme":"大小单双","singleExplain":"从十位、个位中的“大、小、单、双”中至少各选一个组成一注。"},{"betCode":"ssc_daxiaodanshuang_q3","isRelation":true,"isSelected":false,"mLayoutBeans":[{"childItemCount":0,"isSelectEqual":true,"isShowTop":false,"itemType":0,"layoutTitle":"万位","layoutType":0,"mChildLayoutBeans":[{"isSelected":false,"number":"大","numberRelevant":-1},{"isSelected":false,"number":"小","numberRelevant":-1},{"isSelected":false,"number":"单","numberRelevant":-1},{"isSelected":false,"number":"双","numberRelevant":-1}],"selectMax":0,"selectMin":1,"showRightMenuType":2,"startNumber":0},{"childItemCount":0,"isSelectEqual":true,"isShowTop":false,"itemType":0,"layoutTitle":"千位","layoutType":0,"mChildLayoutBeans":[{"isSelected":false,"number":"大","numberRelevant":-1},{"isSelected":false,"number":"小","numberRelevant":-1},{"isSelected":false,"number":"单","numberRelevant":-1},{"isSelected":false,"number":"双","numberRelevant":-1}],"selectMax":0,"selectMin":1,"showRightMenuType":2,"startNumber":0},{"childItemCount":0,"isSelectEqual":true,"isShowTop":false,"itemType":0,"layoutTitle":"百位","layoutType":0,"mChildLayoutBeans":[{"isSelected":false,"number":"大","numberRelevant":-1},{"isSelected":false,"number":"小","numberRelevant":-1},{"isSelected":false,"number":"单","numberRelevant":-1},{"isSelected":false,"number":"双","numberRelevant":-1}],"selectMax":0,"selectMin":1,"showRightMenuType":2,"startNumber":0}],"mainType":"大小单双","maxWinning":0,"playTypeCode":"ssc_daxiao_danshuang","playTypeExplain":"对万、千和百位的“大（56789）小（01234）、单（13579）双（02468）”形态进行购买，所选号码的位置、形态与开奖号码的位置、形态相同，即为中奖。","playTypeName":"前三大小单双","sampleBet":"投注方案：小双小","sampleOpen":"开奖号码：万、千、百位“小双小”，即中前三大小单双。","scheme":"大小单双","singleExplain":"从万位、千位、百位中的“大、小、单、双”中至少各选一个组成一注。"},{"betCode":"ssc_daxiaodanshuang_h3","isRelation":true,"isSelected":false,"mLayoutBeans":[{"childItemCount":0,"isSelectEqual":true,"isShowTop":false,"itemType":0,"layoutTitle":"百位","layoutType":0,"mChildLayoutBeans":[{"isSelected":false,"number":"大","numberRelevant":-1},{"isSelected":false,"number":"小","numberRelevant":-1},{"isSelected":false,"number":"单","numberRelevant":-1},{"isSelected":false,"number":"双","numberRelevant":-1}],"selectMax":0,"selectMin":1,"showRightMenuType":2,"startNumber":0},{"childItemCount":0,"isSelectEqual":true,"isShowTop":false,"itemType":0,"layoutTitle":"十位","layoutType":0,"mChildLayoutBeans":[{"isSelected":false,"number":"大","numberRelevant":-1},{"isSelected":false,"number":"小","numberRelevant":-1},{"isSelected":false,"number":"单","numberRelevant":-1},{"isSelected":false,"number":"双","numberRelevant":-1}],"selectMax":0,"selectMin":1,"showRightMenuType":2,"startNumber":0},{"childItemCount":0,"isSelectEqual":true,"isShowTop":false,"itemType":0,"layoutTitle":"个位","layoutType":0,"mChildLayoutBeans":[{"isSelected":false,"number":"大","numberRelevant":-1},{"isSelected":false,"number":"小","numberRelevant":-1},{"isSelected":false,"number":"单","numberRelevant":-1},{"isSelected":false,"number":"双","numberRelevant":-1}],"selectMax":0,"selectMin":1,"showRightMenuType":2,"startNumber":0}],"mainType":"大小单双","maxWinning":0,"playTypeCode":"ssc_daxiao_danshuang","playTypeExplain":"对百、十和个位的“大（56789）小（01234）、单（13579）双（02468）”形态进行购买，所选号码的位置、形态与开奖号码的位置、形态相同，即为中奖。","playTypeName":"后三大小单双","sampleBet":"投注方案：大单大","sampleOpen":"开奖号码：百、十、个位“大单大”，即中后三大小单双。","scheme":"大小单双","singleExplain":"从百位、十位、个位中的“大、小、单、双”中至少各选一个组成一注。"}],"parentTitle":"大小单双","totalType":"官方玩法","type":"大小单双"},{"mPlayBeans":[{"betCode":"ssc_renxuan2_zxfs","isRelation":false,"isSelected":false,"mLayoutBeans":[{"childItemCount":0,"isSelectEqual":true,"isShowTop":false,"itemType":0,"layoutTitle":"万位","layoutType":0,"mChildLayoutBeans":[{"isSelected":false,"number":"0","numberRelevant":-1},{"isSelected":false,"number":"1","numberRelevant":-1},{"isSelected":false,"number":"2","numberRelevant":-1},{"isSelected":false,"number":"3","numberRelevant":-1},{"isSelected":false,"number":"4","numberRelevant":-1},{"isSelected":false,"number":"5","numberRelevant":-1},{"isSelected":false,"number":"6","numberRelevant":-1},{"isSelected":false,"number":"7","numberRelevant":-1},{"isSelected":false,"number":"8","numberRelevant":-1},{"isSelected":false,"number":"9","numberRelevant":-1}],"selectMax":0,"selectMin":1,"showRightMenuType":0,"startNumber":0},{"childItemCount":0,"isSelectEqual":true,"isShowTop":false,"itemType":0,"layoutTitle":"千位","layoutType":0,"mChildLayoutBeans":[{"isSelected":false,"number":"0","numberRelevant":-1},{"isSelected":false,"number":"1","numberRelevant":-1},{"isSelected":false,"number":"2","numberRelevant":-1},{"isSelected":false,"number":"3","numberRelevant":-1},{"isSelected":false,"number":"4","numberRelevant":-1},{"isSelected":false,"number":"5","numberRelevant":-1},{"isSelected":false,"number":"6","numberRelevant":-1},{"isSelected":false,"number":"7","numberRelevant":-1},{"isSelected":false,"number":"8","numberRelevant":-1},{"isSelected":false,"number":"9","numberRelevant":-1}],"selectMax":0,"selectMin":1,"showRightMenuType":0,"startNumber":0},{"childItemCount":0,"isSelectEqual":true,"isShowTop":false,"itemType":0,"layoutTitle":"百位","layoutType":0,"mChildLayoutBeans":[{"isSelected":false,"number":"0","numberRelevant":-1},{"isSelected":false,"number":"1","numberRelevant":-1},{"isSelected":false,"number":"2","numberRelevant":-1},{"isSelected":false,"number":"3","numberRelevant":-1},{"isSelected":false,"number":"4","numberRelevant":-1},{"isSelected":false,"number":"5","numberRelevant":-1},{"isSelected":false,"number":"6","numberRelevant":-1},{"isSelected":false,"number":"7","numberRelevant":-1},{"isSelected":false,"number":"8","numberRelevant":-1},{"isSelected":false,"number":"9","numberRelevant":-1}],"selectMax":0,"selectMin":1,"showRightMenuType":0,"startNumber":0},{"childItemCount":0,"isSelectEqual":true,"isShowTop":false,"itemType":0,"layoutTitle":"十位","layoutType":0,"mChildLayoutBeans":[{"isSelected":false,"number":"0","numberRelevant":-1},{"isSelected":false,"number":"1","numberRelevant":-1},{"isSelected":false,"number":"2","numberRelevant":-1},{"isSelected":false,"number":"3","numberRelevant":-1},{"isSelected":false,"number":"4","numberRelevant":-1},{"isSelected":false,"number":"5","numberRelevant":-1},{"isSelected":false,"number":"6","numberRelevant":-1},{"isSelected":false,"number":"7","numberRelevant":-1},{"isSelected":false,"number":"8","numberRelevant":-1},{"isSelected":false,"number":"9","numberRelevant":-1}],"selectMax":0,"selectMin":1,"showRightMenuType":0,"startNumber":0},{"childItemCount":0,"isSelectEqual":true,"isShowTop":false,"itemType":0,"layoutTitle":"个位","layoutType":0,"mChildLayoutBeans":[{"isSelected":false,"number":"0","numberRelevant":-1},{"isSelected":false,"number":"1","numberRelevant":-1},{"isSelected":false,"number":"2","numberRelevant":-1},{"isSelected":false,"number":"3","numberRelevant":-1},{"isSelected":false,"number":"4","numberRelevant":-1},{"isSelected":false,"number":"5","numberRelevant":-1},{"isSelected":false,"number":"6","numberRelevant":-1},{"isSelected":false,"number":"7","numberRelevant":-1},{"isSelected":false,"number":"8","numberRelevant":-1},{"isSelected":false,"number":"9","numberRelevant":-1}],"selectMax":0,"selectMin":1,"showRightMenuType":0,"startNumber":0}],"mainType":"任选二","maxWinning":0,"playTypeCode":"ssc_renxuan2_zhixuan","playTypeExplain":"从万、千、百、十、个位中至少选择两个位置，至少各选1个号码组成一注，所选号码与开奖号码的指定位置上的号码相同，且顺序一致，即为中奖。","playTypeName":"直选复式","sampleBet":"投注方案：万位5，百位8","sampleOpen":"开奖号码：51812，即中任二直选。","scheme":"任二直选","singleExplain":"从万位、千位、百位、十位、个位中至少两位上各选1个号码组成一注。"},{"betCode":"ssc_renxuan2_zxds","isRelation":false,"isSelected":false,"mLayoutBeans":[{"childItemCount":0,"isSelectEqual":true,"isShowTop":true,"itemType":0,"layoutType":2,"selectMax":0,"selectMin":2,"showRightMenuType":0,"startNumber":0}],"mainType":"任选二","maxWinning":0,"playTypeCode":"ssc_renxuan2_zhixuan","playTypeExplain":"从万、千、百、十、个位中至少选择两个位置,至少手动输入一个两位数的号码构成一注，所选号码与开奖号码的指定位置上的号码相同，且顺序一致，即为中奖。","playTypeName":"直选单式","sampleBet":"投注方案：位置选择万、百位，输入号码58 ","sampleOpen":"开奖号码：51812，即中任二直选(单式)。","scheme":"任二直选","singleExplain":"从万位、千位、百位、十位、个位中至少选择两个位置,至少手动输入一个两位数的号码构成一注。"},{"betCode":"ssc_renxuan2_zxhz","isRelation":false,"isSelected":false,"mLayoutBeans":[{"childItemCount":0,"isSelectEqual":true,"isShowTop":true,"itemType":0,"layoutTitle":"和值","layoutType":0,"mChildLayoutBeans":[{"isSelected":false,"number":"0","numberRelevant":-1},{"isSelected":false,"number":"1","numberRelevant":-1},{"isSelected":false,"number":"2","numberRelevant":-1},{"isSelected":false,"number":"3","numberRelevant":-1},{"isSelected":false,"number":"4","numberRelevant":-1},{"isSelected":false,"number":"5","numberRelevant":-1},{"isSelected":false,"number":"6","numberRelevant":-1},{"isSelected":false,"number":"7","numberRelevant":-1},{"isSelected":false,"number":"8","numberRelevant":-1},{"isSelected":false,"number":"9","numberRelevant":-1},{"isSelected":false,"number":"10","numberRelevant":-1},{"isSelected":false,"number":"11","numberRelevant":-1},{"isSelected":false,"number":"12","numberRelevant":-1},{"isSelected":false,"number":"13","numberRelevant":-1},{"isSelected":false,"number":"14","numberRelevant":-1},{"isSelected":false,"number":"15","numberRelevant":-1},{"isSelected":false,"number":"16","numberRelevant":-1},{"isSelected":false,"number":"17","numberRelevant":-1},{"isSelected":false,"number":"18","numberRelevant":-1}],"selectMax":0,"selectMin":1,"showRightMenuType":0,"startNumber":0}],"mainType":"任选二","maxWinning":0,"playTypeCode":"ssc_renxuan2_zhixuan","playTypeExplain":"从万、千、百、十、个位中至少选择两个位置,至少选择一个和值号码构成一注，所选两个位置的开奖号码相加之和与所选和值一致，即为中奖。","playTypeName":"直选和值","sampleBet":"投注方案：位置选择万、百位，选择和值号码13","sampleOpen":"开奖号码：51812，即中任二直选和值。","scheme":"任二直选","singleExplain":"从万位、千位、百位、十位、个位中至少选择两个位置,至少选择一个和值号码构成一注。"}],"parentTitle":"任选二","totalType":"官方玩法","type":"任二直选"},{"mPlayBeans":[{"betCode":"ssc_renxuan2_zuxfs","isRelation":false,"isSelected":false,"mLayoutBeans":[{"childItemCount":0,"isSelectEqual":true,"isShowTop":true,"itemType":0,"layoutTitle":"组选","layoutType":0,"mChildLayoutBeans":[{"isSelected":false,"number":"0","numberRelevant":-1},{"isSelected":false,"number":"1","numberRelevant":-1},{"isSelected":false,"number":"2","numberRelevant":-1},{"isSelected":false,"number":"3","numberRelevant":-1},{"isSelected":false,"number":"4","numberRelevant":-1},{"isSelected":false,"number":"5","numberRelevant":-1},{"isSelected":false,"number":"6","numberRelevant":-1},{"isSelected":false,"number":"7","numberRelevant":-1},{"isSelected":false,"number":"8","numberRelevant":-1},{"isSelected":false,"number":"9","numberRelevant":-1}],"selectMax":0,"selectMin":2,"showRightMenuType":0,"startNumber":0}],"mainType":"任选二","maxWinning":0,"playTypeCode":"ssc_renxuan2_zuxuan","playTypeExplain":"从万、千、百、十、个位中至少选择两个位置,至少选择两个号码构成一注，所选号码与开奖号码的指定位置上的号码相同，且顺序不限，即为中奖。","playTypeName":"组选复式","sampleBet":"投注方案：位置选择万、百位，选择号码85","sampleOpen":"开奖号码：51812或者81512，即中任二组选。","scheme":"任二组选","singleExplain":"从万位、千位、百位、十位、个位中至少选择两个位置,号码区至少选择两个号码构成一注。"},{"betCode":"ssc_renxuan2_zuxds","isRelation":false,"isSelected":false,"mLayoutBeans":[{"childItemCount":0,"isSelectEqual":true,"isShowTop":true,"itemType":0,"layoutTitle":"组选","layoutType":2,"selectMax":0,"selectMin":2,"showRightMenuType":0,"startNumber":0}],"mainType":"任选二","maxWinning":0,"playTypeCode":"ssc_renxuan2_zuxuan","playTypeExplain":"从万、千、百、十、个位中至少选择两个位置,至少手动输入一个两位数的号码构成一注，所选号码与开奖号码的指定位置上的号码相同，且顺序不限，即为中奖。","playTypeName":"组选单式","sampleBet":"开奖号码：51812或者81512，即中任二组选(单式)。","sampleOpen":"投注方案：51812或者81512，即中任二组选(单式)。","scheme":"任二组选","singleExplain":"从万位、千位、百位、十位、个位中至少选择两个位置,至少手动输入一个两位数的号码构成一注。"},{"betCode":"ssc_renxuan2_zuxhz","isRelation":false,"isSelected":false,"mLayoutBeans":[{"childItemCount":0,"isSelectEqual":true,"isShowTop":true,"itemType":0,"layoutTitle":"和值","layoutType":0,"mChildLayoutBeans":[{"isSelected":false,"number":"1","numberRelevant":-1},{"isSelected":false,"number":"2","numberRelevant":-1},{"isSelected":false,"number":"3","numberRelevant":-1},{"isSelected":false,"number":"4","numberRelevant":-1},{"isSelected":false,"number":"5","numberRelevant":-1},{"isSelected":false,"number":"6","numberRelevant":-1},{"isSelected":false,"number":"7","numberRelevant":-1},{"isSelected":false,"number":"8","numberRelevant":-1},{"isSelected":false,"number":"9","numberRelevant":-1},{"isSelected":false,"number":"10","numberRelevant":-1},{"isSelected":false,"number":"11","numberRelevant":-1},{"isSelected":false,"number":"12","numberRelevant":-1},{"isSelected":false,"number":"13","numberRelevant":-1},{"isSelected":false,"number":"14","numberRelevant":-1},{"isSelected":false,"number":"15","numberRelevant":-1},{"isSelected":false,"number":"16","numberRelevant":-1},{"isSelected":false,"number":"17","numberRelevant":-1}],"selectMax":0,"selectMin":1,"showRightMenuType":0,"startNumber":0}],"mainType":"任选二","maxWinning":0,"playTypeCode":"ssc_renxuan2_zuxuan","playTypeExplain":"从万、千、百、十、个位中至少选择两个位置,至少选择一个和值号码构成一注，所选两个位置的开奖号码相加之和与所选和值一致(不含对子号)，即为中奖。","playTypeName":"组选和值","sampleBet":"投注方案：位置选择万、百位，选择和值号码13","sampleOpen":"开奖号码：51812，即中任二组选和值。","scheme":"任二组选","singleExplain":"从万位、千位、百位、十位、个位中至少选择两个位置,至少选择一个和值号码构成一注。"}],"parentTitle":"任选二","totalType":"官方玩法","type":"任二组选"},{"mPlayBeans":[{"betCode":"ssc_renxuan3_zxfs","isRelation":false,"isSelected":false,"mLayoutBeans":[{"childItemCount":0,"isSelectEqual":true,"isShowTop":false,"itemType":0,"layoutTitle":"万位","layoutType":0,"mChildLayoutBeans":[{"isSelected":false,"number":"0","numberRelevant":-1},{"isSelected":false,"number":"1","numberRelevant":-1},{"isSelected":false,"number":"2","numberRelevant":-1},{"isSelected":false,"number":"3","numberRelevant":-1},{"isSelected":false,"number":"4","numberRelevant":-1},{"isSelected":false,"number":"5","numberRelevant":-1},{"isSelected":false,"number":"6","numberRelevant":-1},{"isSelected":false,"number":"7","numberRelevant":-1},{"isSelected":false,"number":"8","numberRelevant":-1},{"isSelected":false,"number":"9","numberRelevant":-1}],"selectMax":0,"selectMin":1,"showRightMenuType":0,"startNumber":0},{"childItemCount":0,"isSelectEqual":true,"isShowTop":false,"itemType":0,"layoutTitle":"千位","layoutType":0,"mChildLayoutBeans":[{"isSelected":false,"number":"0","numberRelevant":-1},{"isSelected":false,"number":"1","numberRelevant":-1},{"isSelected":false,"number":"2","numberRelevant":-1},{"isSelected":false,"number":"3","numberRelevant":-1},{"isSelected":false,"number":"4","numberRelevant":-1},{"isSelected":false,"number":"5","numberRelevant":-1},{"isSelected":false,"number":"6","numberRelevant":-1},{"isSelected":false,"number":"7","numberRelevant":-1},{"isSelected":false,"number":"8","numberRelevant":-1},{"isSelected":false,"number":"9","numberRelevant":-1}],"selectMax":0,"selectMin":1,"showRightMenuType":0,"startNumber":0},{"childItemCount":0,"isSelectEqual":true,"isShowTop":false,"itemType":0,"layoutTitle":"百位","layoutType":0,"mChildLayoutBeans":[{"isSelected":false,"number":"0","numberRelevant":-1},{"isSelected":false,"number":"1","numberRelevant":-1},{"isSelected":false,"number":"2","numberRelevant":-1},{"isSelected":false,"number":"3","numberRelevant":-1},{"isSelected":false,"number":"4","numberRelevant":-1},{"isSelected":false,"number":"5","numberRelevant":-1},{"isSelected":false,"number":"6","numberRelevant":-1},{"isSelected":false,"number":"7","numberRelevant":-1},{"isSelected":false,"number":"8","numberRelevant":-1},{"isSelected":false,"number":"9","numberRelevant":-1}],"selectMax":0,"selectMin":1,"showRightMenuType":0,"startNumber":0},{"childItemCount":0,"isSelectEqual":true,"isShowTop":false,"itemType":0,"layoutTitle":"十位","layoutType":0,"mChildLayoutBeans":[{"isSelected":false,"number":"0","numberRelevant":-1},{"isSelected":false,"number":"1","numberRelevant":-1},{"isSelected":false,"number":"2","numberRelevant":-1},{"isSelected":false,"number":"3","numberRelevant":-1},{"isSelected":false,"number":"4","numberRelevant":-1},{"isSelected":false,"number":"5","numberRelevant":-1},{"isSelected":false,"number":"6","numberRelevant":-1},{"isSelected":false,"number":"7","numberRelevant":-1},{"isSelected":false,"number":"8","numberRelevant":-1},{"isSelected":false,"number":"9","numberRelevant":-1}],"selectMax":0,"selectMin":1,"showRightMenuType":0,"startNumber":0},{"childItemCount":0,"isSelectEqual":true,"isShowTop":false,"itemType":0,"layoutTitle":"个位","layoutType":0,"mChildLayoutBeans":[{"isSelected":false,"number":"0","numberRelevant":-1},{"isSelected":false,"number":"1","numberRelevant":-1},{"isSelected":false,"number":"2","numberRelevant":-1},{"isSelected":false,"number":"3","numberRelevant":-1},{"isSelected":false,"number":"4","numberRelevant":-1},{"isSelected":false,"number":"5","numberRelevant":-1},{"isSelected":false,"number":"6","numberRelevant":-1},{"isSelected":false,"number":"7","numberRelevant":-1},{"isSelected":false,"number":"8","numberRelevant":-1},{"isSelected":false,"number":"9","numberRelevant":-1}],"selectMax":0,"selectMin":1,"showRightMenuType":0,"startNumber":0}],"mainType":"任选三","maxWinning":0,"playTypeCode":"ssc_renxuan3_zhixuan","playTypeExplain":"从万、千、百、十、个位中至少选择三个位置，至少各选1个号码组成一注，所选号码与开奖号码的指定位置上的号码相同，且顺序一致，即为中奖。","playTypeName":"直选复式","sampleBet":"投注方案：万位5，百位8,个位2","sampleOpen":"开奖号码：51812，即中任三直选。","scheme":"任三直选","singleExplain":"从万位、千位、百位、十位、个位中至少三位上各选1个号码组成一注。"},{"betCode":"ssc_renxuan3_zxds","isRelation":false,"isSelected":false,"mLayoutBeans":[{"childItemCount":0,"isSelectEqual":true,"isShowTop":true,"itemType":0,"layoutType":2,"selectMax":0,"selectMin":3,"showRightMenuType":0,"startNumber":0}],"mainType":"任选三","maxWinning":0,"playTypeCode":"ssc_renxuan3_zhixuan","playTypeExplain":"从万、千、百、十、个位中至少选择三个位置,至少手动输入一个三位数的号码构成一注，所选号码与开奖号码的指定位置上的号码相同，且顺序一致，即为中奖。","playTypeName":"直选单式","sampleBet":"投注方案：位置选择万、百,个位，输入号码582","sampleOpen":"开奖号码：51812，即中任三直选(单式)。","scheme":"任三直选","singleExplain":"从万位、千位、百位、十位、个位中至少选择三个位置,至少手动输入一个三位数的号码构成一注。"},{"betCode":"ssc_renxuan3_zxhz","isRelation":false,"isSelected":false,"mLayoutBeans":[{"childItemCount":0,"isSelectEqual":true,"isShowTop":true,"itemType":0,"layoutTitle":"和值","layoutType":0,"mChildLayoutBeans":[{"isSelected":false,"number":"0","numberRelevant":-1},{"isSelected":false,"number":"1","numberRelevant":-1},{"isSelected":false,"number":"2","numberRelevant":-1},{"isSelected":false,"number":"3","numberRelevant":-1},{"isSelected":false,"number":"4","numberRelevant":-1},{"isSelected":false,"number":"5","numberRelevant":-1},{"isSelected":false,"number":"6","numberRelevant":-1},{"isSelected":false,"number":"7","numberRelevant":-1},{"isSelected":false,"number":"8","numberRelevant":-1},{"isSelected":false,"number":"9","numberRelevant":-1},{"isSelected":false,"number":"10","numberRelevant":-1},{"isSelected":false,"number":"11","numberRelevant":-1},{"isSelected":false,"number":"12","numberRelevant":-1},{"isSelected":false,"number":"13","numberRelevant":-1},{"isSelected":false,"number":"14","numberRelevant":-1},{"isSelected":false,"number":"15","numberRelevant":-1},{"isSelected":false,"number":"16","numberRelevant":-1},{"isSelected":false,"number":"17","numberRelevant":-1},{"isSelected":false,"number":"18","numberRelevant":-1},{"isSelected":false,"number":"19","numberRelevant":-1},{"isSelected":false,"number":"20","numberRelevant":-1},{"isSelected":false,"number":"21","numberRelevant":-1},{"isSelected":false,"number":"22","numberRelevant":-1},{"isSelected":false,"number":"23","numberRelevant":-1},{"isSelected":false,"number":"24","numberRelevant":-1},{"isSelected":false,"number":"25","numberRelevant":-1},{"isSelected":false,"number":"26","numberRelevant":-1},{"isSelected":false,"number":"27","numberRelevant":-1}],"selectMax":0,"selectMin":1,"showRightMenuType":0,"startNumber":0}],"mainType":"任选三","maxWinning":0,"playTypeCode":"ssc_renxuan3_zhixuan","playTypeExplain":"从万、千、百、十、个位中至少选择三个位置,至少选择一个和值号码构成一注，所选三个位置的开奖号码相加之和与所选和值一致，即为中奖。","playTypeName":"直选和值","sampleBet":"投注方案：位置选择万、百、个位，选择和值号码15","sampleOpen":"开奖号码：51812，即中任三直选和值。","scheme":"任三直选","singleExplain":"从万位、千位、百位、十位、个位中至少选择三个位置,至少选择一个和值号码构成一注。"}],"parentTitle":"任选三","totalType":"官方玩法","type":"任三直选"},{"mPlayBeans":[{"betCode":"ssc_renxuan3_z3fs","isRelation":false,"isSelected":false,"mLayoutBeans":[{"childItemCount":0,"isSelectEqual":true,"isShowTop":true,"itemType":0,"layoutTitle":"组三","layoutType":0,"mChildLayoutBeans":[{"isSelected":false,"number":"0","numberRelevant":-1},{"isSelected":false,"number":"1","numberRelevant":-1},{"isSelected":false,"number":"2","numberRelevant":-1},{"isSelected":false,"number":"3","numberRelevant":-1},{"isSelected":false,"number":"4","numberRelevant":-1},{"isSelected":false,"number":"5","numberRelevant":-1},{"isSelected":false,"number":"6","numberRelevant":-1},{"isSelected":false,"number":"7","numberRelevant":-1},{"isSelected":false,"number":"8","numberRelevant":-1},{"isSelected":false,"number":"9","numberRelevant":-1}],"selectMax":0,"selectMin":2,"showRightMenuType":0,"startNumber":0}],"mainType":"任选三","maxWinning":0,"playTypeCode":"ssc_renxuan3_zuxuan","playTypeExplain":"从万、千、百、十、个位中至少选择两个位置,至少选择两个号码构成一注，所选号码与开奖号码的指定位置上的号码相同，且顺序不限，即为中奖。","playTypeName":"组三复式","sampleBet":"投注方案：位置选择万、十、个位,选择号码12","sampleOpen":"开奖号码：11812，即中任三组三。","scheme":"任三组选","singleExplain":"从万位、千位、百位、十位、个位中至少选择三个位置,号码区至少选择两个号码构成一注。"},{"betCode":"ssc_renxuan3_z3ds","isRelation":false,"isSelected":false,"mLayoutBeans":[{"childItemCount":0,"isSelectEqual":true,"isShowTop":true,"itemType":0,"layoutType":2,"selectMax":0,"selectMin":3,"showRightMenuType":0,"startNumber":0}],"mainType":"任选三","maxWinning":0,"playTypeCode":"ssc_renxuan3_zuxuan","playTypeExplain":"从万、千、百、十、个位中至少选择三个位置,至少手动输入三个号码构成一注，三个数字中必须有二个数字相同，所选号码与开奖号码的指定位置上的号码相同，且顺序不限，即为中奖","playTypeName":"组三单式","sampleBet":"开奖号码：11812，即中任三组三(单式)。","sampleOpen":"投注方案：位置选择万、十、个位,输入号码112","scheme":"任三组选","singleExplain":"从万位、千位、百位、十位、个位中至少选择三个位置,手动至少输入三个号码构成一注。"},{"betCode":"ssc_renxuan3_z6fs","isRelation":false,"isSelected":false,"mLayoutBeans":[{"childItemCount":0,"isSelectEqual":true,"isShowTop":true,"itemType":0,"layoutTitle":"组六","layoutType":0,"mChildLayoutBeans":[{"isSelected":false,"number":"0","numberRelevant":-1},{"isSelected":false,"number":"1","numberRelevant":-1},{"isSelected":false,"number":"2","numberRelevant":-1},{"isSelected":false,"number":"3","numberRelevant":-1},{"isSelected":false,"number":"4","numberRelevant":-1},{"isSelected":false,"number":"5","numberRelevant":-1},{"isSelected":false,"number":"6","numberRelevant":-1},{"isSelected":false,"number":"7","numberRelevant":-1},{"isSelected":false,"number":"8","numberRelevant":-1},{"isSelected":false,"number":"9","numberRelevant":-1}],"selectMax":0,"selectMin":3,"showRightMenuType":0,"startNumber":0}],"mainType":"任选三","maxWinning":0,"playTypeCode":"ssc_renxuan3_zuxuan","playTypeExplain":"从万、千、百、十、个位中至少选择三个位置,至少选择三个号码构成一注，所选号码与开奖号码的指定位置上的号码相同，且顺序不限，即为中奖。","playTypeName":"组六复式","sampleBet":"开奖号码：51812，即中任三组六。","sampleOpen":"投注方案：位置选择万、十、个位,选择号码512","scheme":"任三组选","singleExplain":"从万位、千位、百位、十位、个位中至少选择三个位置,号码区至少选择三个号码构成一注。"},{"betCode":"ssc_renxuan3_z6ds","isRelation":false,"isSelected":false,"mLayoutBeans":[{"childItemCount":0,"isSelectEqual":true,"isShowTop":true,"itemType":0,"layoutType":2,"selectMax":0,"selectMin":3,"showRightMenuType":0,"startNumber":0}],"mainType":"任选三","maxWinning":0,"playTypeCode":"ssc_renxuan3_zuxuan","playTypeExplain":"从万、千、百、十、个位中至少选择三个位置,至少手动输入三个号码构成一注，所选号码与开奖号码的指定位置上的号码相同，且顺序不限，即为中奖。","playTypeName":"组六单式","sampleBet":"开奖号码：51812，即中任三组六(单式)。","sampleOpen":"投注方案：位置选择万、十、个位,输入号码512","scheme":"任三组选","singleExplain":"从万位、千位、百位、十位、个位中至少选择三个位置,手动至少输入三个号码构成一注。"},{"betCode":"ssc_renxuan3_hhzx","isRelation":false,"isSelected":false,"mLayoutBeans":[{"childItemCount":0,"isSelectEqual":true,"isShowTop":true,"itemType":0,"layoutType":2,"selectMax":0,"selectMin":3,"showRightMenuType":0,"startNumber":0}],"mainType":"任选三","maxWinning":0,"playTypeCode":"ssc_renxuan3_zuxuan","playTypeExplain":"从万、千、百、十、个位中至少选择三个位置,至少手动输入三个号码构成一注(不含豹子号)，开奖号码指定位置的号码为组三或组六形态，所选号码与开奖号码指定位置上的号码相同，且顺序不限，即为中奖。","playTypeName":"混合组选","sampleBet":" 开奖号码：03410(指定位置号码顺序不限)即中任三组三；或者51812(指定位置号码顺序不限)即中任三组六。","sampleOpen":"投注方案：选择位置万、十、个位，输入号码001以及512","scheme":"任三组选","singleExplain":"从万位、千位、百位、十位、个位中至少选择三个位置,手动至少输入三个号码构成一注(不包含豹子号)。"},{"betCode":"ssc_renxuan3_zuxhz","isRelation":false,"isSelected":false,"mLayoutBeans":[{"childItemCount":0,"isSelectEqual":true,"isShowTop":true,"itemType":0,"layoutTitle":"和值","layoutType":0,"mChildLayoutBeans":[{"isSelected":false,"number":"1","numberRelevant":-1},{"isSelected":false,"number":"2","numberRelevant":-1},{"isSelected":false,"number":"3","numberRelevant":-1},{"isSelected":false,"number":"4","numberRelevant":-1},{"isSelected":false,"number":"5","numberRelevant":-1},{"isSelected":false,"number":"6","numberRelevant":-1},{"isSelected":false,"number":"7","numberRelevant":-1},{"isSelected":false,"number":"8","numberRelevant":-1},{"isSelected":false,"number":"9","numberRelevant":-1},{"isSelected":false,"number":"10","numberRelevant":-1},{"isSelected":false,"number":"11","numberRelevant":-1},{"isSelected":false,"number":"12","numberRelevant":-1},{"isSelected":false,"number":"13","numberRelevant":-1},{"isSelected":false,"number":"14","numberRelevant":-1},{"isSelected":false,"number":"15","numberRelevant":-1},{"isSelected":false,"number":"16","numberRelevant":-1},{"isSelected":false,"number":"17","numberRelevant":-1},{"isSelected":false,"number":"18","numberRelevant":-1},{"isSelected":false,"number":"19","numberRelevant":-1},{"isSelected":false,"number":"20","numberRelevant":-1},{"isSelected":false,"number":"21","numberRelevant":-1},{"isSelected":false,"number":"22","numberRelevant":-1},{"isSelected":false,"number":"23","numberRelevant":-1},{"isSelected":false,"number":"24","numberRelevant":-1},{"isSelected":false,"number":"25","numberRelevant":-1},{"isSelected":false,"number":"26","numberRelevant":-1}],"selectMax":0,"selectMin":1,"showRightMenuType":0,"startNumber":0}],"mainType":"任选三","maxWinning":0,"playTypeCode":"ssc_renxuan3_zuxuan","playTypeExplain":"从万、千、百、十、个位中至少选择三个位置,至少选择一个和值号码构成一注，所选三个位置的开奖号码相加之和与所选和值一致(不包含豹子号)，即为中奖。","playTypeName":"组选和值","sampleBet":"投注方案：位置选择万、十、个位,选择和值号码8 ","sampleOpen":" 开奖号码：51812，即中任三组选和值。","scheme":"任三组选","singleExplain":"从万位、千位、百位、十位、个位中至少选择两个位置,至少选择一个和值号码构成一注。"}],"parentTitle":"任选三","totalType":"官方玩法","type":"任三组选"},{"mPlayBeans":[{"betCode":"ssc_renxuan4_zxfs","isRelation":false,"isSelected":false,"mLayoutBeans":[{"childItemCount":0,"isSelectEqual":true,"isShowTop":false,"itemType":0,"layoutTitle":"万位","layoutType":0,"mChildLayoutBeans":[{"isSelected":false,"number":"0","numberRelevant":-1},{"isSelected":false,"number":"1","numberRelevant":-1},{"isSelected":false,"number":"2","numberRelevant":-1},{"isSelected":false,"number":"3","numberRelevant":-1},{"isSelected":false,"number":"4","numberRelevant":-1},{"isSelected":false,"number":"5","numberRelevant":-1},{"isSelected":false,"number":"6","numberRelevant":-1},{"isSelected":false,"number":"7","numberRelevant":-1},{"isSelected":false,"number":"8","numberRelevant":-1},{"isSelected":false,"number":"9","numberRelevant":-1}],"selectMax":0,"selectMin":1,"showRightMenuType":0,"startNumber":0},{"childItemCount":0,"isSelectEqual":true,"isShowTop":false,"itemType":0,"layoutTitle":"千位","layoutType":0,"mChildLayoutBeans":[{"isSelected":false,"number":"0","numberRelevant":-1},{"isSelected":false,"number":"1","numberRelevant":-1},{"isSelected":false,"number":"2","numberRelevant":-1},{"isSelected":false,"number":"3","numberRelevant":-1},{"isSelected":false,"number":"4","numberRelevant":-1},{"isSelected":false,"number":"5","numberRelevant":-1},{"isSelected":false,"number":"6","numberRelevant":-1},{"isSelected":false,"number":"7","numberRelevant":-1},{"isSelected":false,"number":"8","numberRelevant":-1},{"isSelected":false,"number":"9","numberRelevant":-1}],"selectMax":0,"selectMin":1,"showRightMenuType":0,"startNumber":0},{"childItemCount":0,"isSelectEqual":true,"isShowTop":false,"itemType":0,"layoutTitle":"百位","layoutType":0,"mChildLayoutBeans":[{"isSelected":false,"number":"0","numberRelevant":-1},{"isSelected":false,"number":"1","numberRelevant":-1},{"isSelected":false,"number":"2","numberRelevant":-1},{"isSelected":false,"number":"3","numberRelevant":-1},{"isSelected":false,"number":"4","numberRelevant":-1},{"isSelected":false,"number":"5","numberRelevant":-1},{"isSelected":false,"number":"6","numberRelevant":-1},{"isSelected":false,"number":"7","numberRelevant":-1},{"isSelected":false,"number":"8","numberRelevant":-1},{"isSelected":false,"number":"9","numberRelevant":-1}],"selectMax":0,"selectMin":1,"showRightMenuType":0,"startNumber":0},{"childItemCount":0,"isSelectEqual":true,"isShowTop":false,"itemType":0,"layoutTitle":"十位","layoutType":0,"mChildLayoutBeans":[{"isSelected":false,"number":"0","numberRelevant":-1},{"isSelected":false,"number":"1","numberRelevant":-1},{"isSelected":false,"number":"2","numberRelevant":-1},{"isSelected":false,"number":"3","numberRelevant":-1},{"isSelected":false,"number":"4","numberRelevant":-1},{"isSelected":false,"number":"5","numberRelevant":-1},{"isSelected":false,"number":"6","numberRelevant":-1},{"isSelected":false,"number":"7","numberRelevant":-1},{"isSelected":false,"number":"8","numberRelevant":-1},{"isSelected":false,"number":"9","numberRelevant":-1}],"selectMax":0,"selectMin":1,"showRightMenuType":0,"startNumber":0},{"childItemCount":0,"isSelectEqual":true,"isShowTop":false,"itemType":0,"layoutTitle":"个位","layoutType":0,"mChildLayoutBeans":[{"isSelected":false,"number":"0","numberRelevant":-1},{"isSelected":false,"number":"1","numberRelevant":-1},{"isSelected":false,"number":"2","numberRelevant":-1},{"isSelected":false,"number":"3","numberRelevant":-1},{"isSelected":false,"number":"4","numberRelevant":-1},{"isSelected":false,"number":"5","numberRelevant":-1},{"isSelected":false,"number":"6","numberRelevant":-1},{"isSelected":false,"number":"7","numberRelevant":-1},{"isSelected":false,"number":"8","numberRelevant":-1},{"isSelected":false,"number":"9","numberRelevant":-1}],"selectMax":0,"selectMin":1,"showRightMenuType":0,"startNumber":0}],"mainType":"任选四","maxWinning":0,"playTypeCode":"ssc_renxuan4_zhixuan","playTypeExplain":"从万、千、百、十、个位中至少选择四个位置，至少各选1个号码组成一注，所选号码与开奖号码的指定位置上的号码相同，且顺序一致，即为中奖。","playTypeName":"直选复式","sampleBet":"投注方案：万位5，千位1,百位8,十位1","sampleOpen":"开奖号码：51812，即中任四直选。","scheme":"任四直选","singleExplain":"从万位、千位、百位、十位、个位中至少四位上各选1个号码组成一注。"},{"betCode":"ssc_renxuan4_zxds","isRelation":false,"isSelected":false,"mLayoutBeans":[{"childItemCount":0,"isSelectEqual":true,"isShowTop":true,"itemType":0,"layoutType":2,"selectMax":0,"selectMin":4,"showRightMenuType":0,"startNumber":0}],"mainType":"任选四","maxWinning":0,"playTypeCode":"ssc_renxuan4_zhixuan","playTypeExplain":"从万、千、百、十、个位中至少选择四个位置,至少手动输入一个四位数的号码构成一注，所选号码与开奖号码的指定位置上的号码相同，且顺序一致，即为中奖。","playTypeName":"直选单式","sampleBet":"投注方案：位置选择万位、千位、百位、十位，输入号码5181","sampleOpen":"开奖号码：51812，即中任四直选(单式)。","scheme":"任四直选","singleExplain":"从万位、千位、百位、十位、个位中至少选择四个位置,至少手动输入一个四位数的号码构成一注。"}],"parentTitle":"任选四","totalType":"官方玩法","type":"任四直选"},{"mPlayBeans":[{"betCode":"ssc_renxuan4_zx24","isRelation":false,"isSelected":false,"mLayoutBeans":[{"childItemCount":0,"isSelectEqual":true,"isShowTop":true,"itemType":0,"layoutTitle":"组24","layoutType":0,"mChildLayoutBeans":[{"isSelected":false,"number":"0","numberRelevant":-1},{"isSelected":false,"number":"1","numberRelevant":-1},{"isSelected":false,"number":"2","numberRelevant":-1},{"isSelected":false,"number":"3","numberRelevant":-1},{"isSelected":false,"number":"4","numberRelevant":-1},{"isSelected":false,"number":"5","numberRelevant":-1},{"isSelected":false,"number":"6","numberRelevant":-1},{"isSelected":false,"number":"7","numberRelevant":-1},{"isSelected":false,"number":"8","numberRelevant":-1},{"isSelected":false,"number":"9","numberRelevant":-1}],"selectMax":0,"selectMin":4,"showRightMenuType":0,"startNumber":0}],"mainType":"任选四","maxWinning":0,"playTypeCode":"ssc_renxuan4_zuxuan","playTypeExplain":"从万、千、百、十、个位中至少选择四个位置,号码区至少选择四个号码构成一注，所选号码与开奖号码指定位置上的号码相同，顺序不限，且开奖号码没有重复，即为中奖。","playTypeName":"组选24","sampleBet":"开奖号码：10568(指定位置号码顺序不限且没有重复)，即可中任四组选24。","sampleOpen":"投注方案：位置选择千、百、十、个位,号码选择0568","scheme":"任四组选","singleExplain":"从万位、千位、百位、十位、个位中至少选择四个位置,号码区至少选择四个号码构成一注。"},{"betCode":"ssc_renxuan4_zx12","isRelation":false,"isSelected":false,"mLayoutBeans":[{"childItemCount":0,"isSelectEqual":true,"isShowTop":true,"itemType":0,"layoutTitle":"二重号","layoutType":0,"mChildLayoutBeans":[{"isSelected":false,"number":"0","numberRelevant":-1},{"isSelected":false,"number":"1","numberRelevant":-1},{"isSelected":false,"number":"2","numberRelevant":-1},{"isSelected":false,"number":"3","numberRelevant":-1},{"isSelected":false,"number":"4","numberRelevant":-1},{"isSelected":false,"number":"5","numberRelevant":-1},{"isSelected":false,"number":"6","numberRelevant":-1},{"isSelected":false,"number":"7","numberRelevant":-1},{"isSelected":false,"number":"8","numberRelevant":-1},{"isSelected":false,"number":"9","numberRelevant":-1}],"selectMax":0,"selectMin":1,"showRightMenuType":0,"startNumber":0},{"childItemCount":0,"isSelectEqual":true,"isShowTop":false,"itemType":0,"layoutTitle":"单号","layoutType":0,"mChildLayoutBeans":[{"isSelected":false,"number":"0","numberRelevant":-1},{"isSelected":false,"number":"1","numberRelevant":-1},{"isSelected":false,"number":"2","numberRelevant":-1},{"isSelected":false,"number":"3","numberRelevant":-1},{"isSelected":false,"number":"4","numberRelevant":-1},{"isSelected":false,"number":"5","numberRelevant":-1},{"isSelected":false,"number":"6","numberRelevant":-1},{"isSelected":false,"number":"7","numberRelevant":-1},{"isSelected":false,"number":"8","numberRelevant":-1},{"isSelected":false,"number":"9","numberRelevant":-1}],"selectMax":0,"selectMin":2,"showRightMenuType":0,"startNumber":0}],"mainType":"任选四","maxWinning":0,"playTypeCode":"ssc_renxuan4_zuxuan","playTypeExplain":"从万、千、百、十、个位中至少选择四个位置,从“二重号”中至少选择一个号码，“单号”中至少选择两个号码组成一注，所选号码与开奖号码指定位置上的号码相同，且所选的二重号码在开奖号码指定位置中出现2次，顺序不限，即为中奖。","playTypeName":"组选12","sampleBet":"开奖号码：10688(指定位置号码顺序不限)，即可中任四组选12。","sampleOpen":"投注方案：位置选择千、百、十、个位,二重号：8；单号：06","scheme":"任四组选","singleExplain":"从万位、千位、百位、十位、个位中至少选择四个位置,从“二重号”选择一个号码，“单号”中选择两个号码组成一注。"},{"betCode":"ssc_renxuan4_zx6","isRelation":false,"isSelected":false,"mLayoutBeans":[{"childItemCount":0,"isSelectEqual":true,"isShowTop":true,"itemType":0,"layoutTitle":"二重号","layoutType":0,"mChildLayoutBeans":[{"isSelected":false,"number":"0","numberRelevant":-1},{"isSelected":false,"number":"1","numberRelevant":-1},{"isSelected":false,"number":"2","numberRelevant":-1},{"isSelected":false,"number":"3","numberRelevant":-1},{"isSelected":false,"number":"4","numberRelevant":-1},{"isSelected":false,"number":"5","numberRelevant":-1},{"isSelected":false,"number":"6","numberRelevant":-1},{"isSelected":false,"number":"7","numberRelevant":-1},{"isSelected":false,"number":"8","numberRelevant":-1},{"isSelected":false,"number":"9","numberRelevant":-1}],"selectMax":0,"selectMin":2,"showRightMenuType":0,"startNumber":0}],"mainType":"任选四","maxWinning":0,"playTypeCode":"ssc_renxuan4_zuxuan","playTypeExplain":"从万、千、百、十、个位中至少选择四个位置,从“二重号”中至少选择两个号码组成一注，所选号码与开奖号码指定位置上的号码相同，且所选的2个二重号码在开奖号码指定位置中分别出现了2次，顺序不限，即为中奖。","playTypeName":"组选6","sampleBet":"开奖号码：12288(指定位置号码顺序不限)，即可中任四组选6。","sampleOpen":"投注方案：位置选择千、百、十、个位,二重号：28","scheme":"任四组选","singleExplain":"从万位、千位、百位、十位、个位中至少选择四个位置,从“二重号”中选择两个号码组成一注。"},{"betCode":"ssc_renxuan4_zx4","isRelation":false,"isSelected":false,"mLayoutBeans":[{"childItemCount":0,"isSelectEqual":true,"isShowTop":true,"itemType":0,"layoutTitle":"三重号","layoutType":0,"mChildLayoutBeans":[{"isSelected":false,"number":"0","numberRelevant":-1},{"isSelected":false,"number":"1","numberRelevant":-1},{"isSelected":false,"number":"2","numberRelevant":-1},{"isSelected":false,"number":"3","numberRelevant":-1},{"isSelected":false,"number":"4","numberRelevant":-1},{"isSelected":false,"number":"5","numberRelevant":-1},{"isSelected":false,"number":"6","numberRelevant":-1},{"isSelected":false,"number":"7","numberRelevant":-1},{"isSelected":false,"number":"8","numberRelevant":-1},{"isSelected":false,"number":"9","numberRelevant":-1}],"selectMax":0,"selectMin":1,"showRightMenuType":0,"startNumber":0},{"childItemCount":0,"isSelectEqual":true,"isShowTop":false,"itemType":0,"layoutTitle":"单号","layoutType":0,"mChildLayoutBeans":[{"isSelected":false,"number":"0","numberRelevant":-1},{"isSelected":false,"number":"1","numberRelevant":-1},{"isSelected":false,"number":"2","numberRelevant":-1},{"isSelected":false,"number":"3","numberRelevant":-1},{"isSelected":false,"number":"4","numberRelevant":-1},{"isSelected":false,"number":"5","numberRelevant":-1},{"isSelected":false,"number":"6","numberRelevant":-1},{"isSelected":false,"number":"7","numberRelevant":-1},{"isSelected":false,"number":"8","numberRelevant":-1},{"isSelected":false,"number":"9","numberRelevant":-1}],"selectMax":0,"selectMin":1,"showRightMenuType":0,"startNumber":0}],"mainType":"任选四","maxWinning":0,"playTypeCode":"ssc_renxuan4_zuxuan","playTypeExplain":"从万、千、百、十、个位中至少选择四个位置,从“三重号”中至少选择一个号码，“单号”中至少选择一个号码组成一注，所选号码与开奖号码指定位置上的号码相同，且所选三重号码在在开奖号码指定位置中出现3次，顺序不限，即为中奖。","playTypeName":"组选4","sampleBet":"开奖号码：18828(指定位置号码顺序不限)，即可中任四组选4。","sampleOpen":"投注方案：位置选择千、百、十、个位,三重号：8；单号：2","scheme":"任四组选","singleExplain":"从万位、千位、百位、十位、个位中至少选择四个位置,从“三重号”中选择一个号码，“单号”中选择一个号码组成一注。"}],"parentTitle":"任选四","totalType":"官方玩法","type":"任四组选"}]