[
  {
    "mPlayBeans": [
      {
        "betCode": "syx5_sanxing_zhixuan_hsfs",
        "isRelation": true,
        "isSelected": false,
        "mLayoutBeans": [
          {
            "childItemCount": 11,
            "isSelectEqual": true,
            "itemType": 0,
            "layoutTitle": "百位",
            "layoutType": 0,
            "selectMax": 0,
            "selectMin": 1,
            "showRightMenuType": 0,
            "startNumber": 1
          },
          {
            "childItemCount": 11,
            "isSelectEqual": true,
            "itemType": 0,
            "layoutTitle": "十位",
            "layoutType": 0,
            "selectMax": 0,
            "selectMin": 1,
            "showRightMenuType": 0,
            "startNumber": 1
          },
          {
            "childItemCount": 11,
            "isSelectEqual": true,
            "itemType": 0,
            "layoutTitle": "个位",
            "layoutType": 0,
            "selectMax": 0,
            "selectMin": 1,
            "showRightMenuType": 0,
            "startNumber": 1
          }
        ],
        "mainType": "后三",
        "maxWinning": 0,
        "playTypeCode": "syx5_sanxing_zhixuan",
        "playTypeExplain": "从百、十、个位中至少各选择1个号码组成一注，所选号码与开奖号码全部相同，且顺序一致，即为中奖。",
        "playTypeName": "直选复式",
        "sampleBet": "投注方案：345 ",
        "sampleOpen": "开奖号码后三位：345，即中后三位直选。",
        "scheme": "后三直选",
        "singleExplain": "从百位、十位、个位各选一个号码组成一注。"
      },
      {
        "betCode": "syx5_sanxing_zhixuan_hsds",
        "isRelation": true,
        "isSelected": false,
        "mLayoutBeans": [
          {
            "layoutType": 2,
            "selectMin": 6
          }
        ],
        "mainType": "后三",
        "maxWinning": 0,
        "playTypeCode": "syx5_sanxing_zhixuan",
        "playTypeExplain": "手动输入3个号码组成一注，所输入的号码与当期5个开奖号码中的后3个号码相同，顺序一致，即为中奖。",
        "playTypeName": "直选单式",
        "sampleBet": "投注方案：01 02 03 ",
        "sampleOpen": "开奖号码：* * 01，02，03 即中后三直选。",
        "scheme": "直选单式",
        "singleExplain": "手动输入号码，至少输入三个号码组成一注。如：010203"
      },
      {
        "betCode": "syx5_sanxing_zuxuan_hsfs",
        "isRelation": true,
        "isSelected": false,
        "mLayoutBeans": [
          {
            "childItemCount": 11,
            "isSelectEqual": true,
            "itemType": 0,
            "layoutTitle": "组选",
            "layoutType": 0,
            "selectMax": 0,
            "selectMin": 3,
            "showRightMenuType": 0,
            "startNumber": 1
          }
        ],
        "mainType": "后三",
        "maxWinning": 0,
        "playTypeCode": "syx5_sanxing_zuxuan",
        "playTypeExplain": "从01-11中任意选择3个或3个以上号码组成一致，所选号码与当期5个开奖号码中的后3个号码相同，顺序不限，即为中奖。",
        "playTypeName": "组选复式",
        "sampleBet": "投注方案：01 02 03",
        "sampleOpen": "后三位 08 05 20（顺序不限），即中后三组选",
        "scheme": "后三组选",
        "singleExplain": "竞猜开奖号码的后3位"
      },
      {
        "betCode": "syx5_sanxing_zuxuan_hsds",
        "isRelation": true,
        "isSelected": false,
        "mLayoutBeans": [
          {
            "layoutType": 2,
            "selectMin": 6
          }
        ],
        "mainType": "后三",
        "maxWinning": 0,
        "playTypeCode": "syx5_sanxing_zuxuan",
        "playTypeExplain": "手动输入3个号码组成一注，所输入的号码与当期5个开奖号码中的后3个号码相同，顺序不限，即为中奖。",
        "playTypeName": "组选单式",
        "sampleBet": "投注方案：01 02 03 ",
        "sampleOpen": "开奖号码：* * 01，02，03 顺序不限即中后三组选单式。",
        "scheme": "组选单式",
        "singleExplain": "手动输入号码，至少输入三个号码组成一注。如：010203"
      },
      {
        "betCode": "syx5_sanxing_zuxuan_hsdt",
        "isRelation": true,
        "isSelected": false,
        "mLayoutBeans": [
          {
            "childItemCount": 11,
            "isSelectEqual": false,
            "itemType": 0,
            "layoutTitle": "胆码",
            "layoutType": 0,
            "selectMax": 2,
            "selectMin": 1,
            "showRightMenuType": 2,
            "splitCharacter": "|",
            "startNumber": 1
          },
          {
            "childItemCount": 11,
            "isSelectEqual": false,
            "itemType": 0,
            "layoutTitle": "拖码",
            "layoutType": 0,
            "selectMax": 0,
            "selectMin": 1,
            "showRightMenuType": 2,
            "splitCharacter": "|",
            "startNumber": 1
          }
        ],
        "mainType": "后三",
        "maxWinning": 0,
        "playTypeCode": "syx5_sanxing_zuxuan",
        "playTypeExplain": "从01—11中各选3个或多个号码进行投注，每注需至少包括一个胆码及一个拖码，共3个号码，所选单注号码与当期5个开奖号码中的后3个号码相同，顺序不限，即为中奖。",
        "playTypeName": "组选胆拖",
        "sampleBet": "投注方案：胆码 02 拖码 01 06",
        "sampleOpen": "开奖号码：后三位02，01，06（顺序不限）即中后三组选胆拖。",
        "scheme": "后三组选",
        "singleExplain": "至少选择3个号码，其中胆码至少一个"
      },
      {
        "betCode": "syx5_sanxing_hsbdw",
        "isRelation": true,
        "isSelected": false,
        "mLayoutBeans": [
          {
            "childItemCount": 11,
            "isSelectEqual": true,
            "itemType": 0,
            "layoutTitle": "不定位",
            "layoutType": 0,
            "selectMax": 0,
            "selectMin": 1,
            "showRightMenuType": 0,
            "startNumber": 1
          }
        ],
        "mainType": "后三",
        "maxWinning": 0,
        "playTypeCode": "syx5_sanxing_bdw",
        "playTypeExplain": "从01-11中选择一个号码组成，只要开奖号码的百位，十位，个位中包含所选号码，即为中奖",
        "playTypeName": "不定位",
        "sampleBet": "投注方案：01",
        "sampleOpen": "开奖号码：后三位至少出现一个1，即中后三一码不定位",
        "scheme": "后三",
        "singleExplain": "竞猜开奖号码后三位中的一个号码"
      }
    ],
    "parentTitle": "后三",
    "totalType": "官方玩法",
    "type": "后三"
  },
  {
    "mPlayBeans": [
      {
        "betCode": "syx5_sanxing_zhixuan_qsfs",
        "isRelation": true,
        "isSelected": false,
        "mLayoutBeans": [
          {
            "childItemCount": 11,
            "isSelectEqual": true,
            "itemType": 0,
            "layoutTitle": "万位",
            "layoutType": 0,
            "selectMax": 0,
            "selectMin": 1,
            "showRightMenuType": 0,
            "startNumber": 1
          },
          {
            "childItemCount": 11,
            "isSelectEqual": true,
            "itemType": 0,
            "layoutTitle": "千位",
            "layoutType": 0,
            "selectMax": 0,
            "selectMin": 1,
            "showRightMenuType": 0,
            "startNumber": 1
          },
          {
            "childItemCount": 11,
            "isSelectEqual": true,
            "itemType": 0,
            "layoutTitle": "百位",
            "layoutType": 0,
            "selectMax": 0,
            "selectMin": 1,
            "showRightMenuType": 0,
            "startNumber": 1
          }
        ],
        "mainType": "前三",
        "maxWinning": 0,
        "playTypeCode": "syx5_sanxing_zhixuan",
        "playTypeExplain": "从万、千、百位中至少各选择1个号码组成一注，所选号码与开奖号码全部相同，且顺序一致，即为中奖。",
        "playTypeName": "直选复试",
        "sampleBet": "投注方案：03 04 05",
        "sampleOpen": "开奖号码：03，04，05，* * 即中前三直选。",
        "scheme": "前三直选",
        "singleExplain": "竞猜开奖号码前3位 "
      },
      {
        "betCode": "syx5_sanxing_zhixuan_qsds",
        "isRelation": true,
        "isSelected": false,
        "mLayoutBeans": [
          {
            "layoutType": 2,
            "selectMin": 6
          }
        ],
        "mainType": "前三",
        "maxWinning": 0,
        "playTypeCode": "syx5_sanxing_zhixuan",
        "playTypeExplain": "手动输入3个号码组成一注，所输入的号码与当期5个开奖号码中的前3个号码相同，且顺序一致，即为中奖。",
        "playTypeName": "直选单式",
        "sampleBet": "投注方案：01 02 03 ",
        "sampleOpen": "开奖号码：01，02，03 * * 即中前三直选。",
        "scheme": "前三直选",
        "singleExplain": "手动输入号码，至少输入三个号码组成一注。如：010203 "
      },
      {
        "betCode": "syx5_sanxing_zuxuan_qsfs",
        "isRelation": true,
        "isSelected": false,
        "mLayoutBeans": [
          {
            "childItemCount": 11,
            "isSelectEqual": true,
            "itemType": 0,
            "layoutType": 0,
            "selectMax": 0,
            "layoutTitle": "组选",
            "selectMin": 3,
            "showRightMenuType": 0,
            "startNumber": 1
          }
        ],
        "mainType": "前三",
        "maxWinning": 0,
        "playTypeCode": "syx5_sanxing_zuxuan",
        "playTypeExplain": "从01-11中任意选择3个或3个以上号码组成一致，所选号码与当期5个开奖号码中的前3个号码相同，顺序不限，即为中奖。",
        "playTypeName": "组选复式",
        "sampleBet": "投注方案：001 ",
        "sampleOpen": "开奖号码：前三02，01，06（顺序不限）即中后三组选胆拖。",
        "scheme": "前三组选",
        "singleExplain": "竞猜开奖号码前三位"
      },
      {
        "betCode": "syx5_sanxing_zuxuan_qsds",
        "isRelation": true,
        "isSelected": false,
        "mLayoutBeans": [
          {
            "layoutType": 2,
            "selectMin": 6
          }
        ],
        "mainType": "前三",
        "maxWinning": 0,
        "playTypeCode": "syx5_sanxing_zuxuan",
        "playTypeExplain": "手动输入3个号码组成一注，所输入的号码与当期5个开奖号码中的前3个号码相同，顺序不限，即为中奖。",
        "playTypeName": "组选单式",
        "sampleBet": "投注方案：01 02 03 ",
        "sampleOpen": "开奖号码：01，02，03 * * 顺序不限即中前三组选单式。",
        "scheme": "前三直选",
        "singleExplain": "手动输入号码，至少输入三个号码组成一注。如：010203 "
      },
      {
        "betCode": "syx5_sanxing_zuxuan_qsdt",
        "isRelation": true,
        "isSelected": false,
        "mLayoutBeans": [
          {
            "childItemCount": 11,
            "isSelectEqual": false,
            "itemType": 0,
            "layoutTitle": "胆码",
            "layoutType": 0,
            "selectMax": 2,
            "selectMin": 1,
            "showRightMenuType": 2,
            "startNumber": 1
          },
          {
            "childItemCount": 11,
            "isSelectEqual": false,
            "itemType": 0,
            "layoutTitle": "拖码",
            "layoutType": 0,
            "selectMax": 0,
            "selectMin": 1,
            "showRightMenuType": 2,
            "startNumber": 1
          }
        ],
        "mainType": "前三",
        "maxWinning": 0,
        "playTypeCode": "syx5_sanxing_zuxuan",
        "playTypeExplain": "从01—11中各选3个或多个号码进行投注，每注需至少包括一个胆码及一个拖码，共3个号码，所选单注号码与当期5个开奖号码中的前3个号码相同，顺序不限，即为中奖。",
        "playTypeName": "组选胆拖",
        "sampleBet": "投注方案：胆码 02 拖码 01 06",
        "sampleOpen": "开奖号码：前三位02，01，06（顺序不限）即中前三组选胆拖。",
        "scheme": "前三组选",
        "singleExplain": "至少选择3号号码，其中胆码和拖码各至少一个"
      },
      {
        "betCode": "syx5_sanxing_qsbdw",
        "isRelation": true,
        "isSelected": false,
        "mLayoutBeans": [
          {
            "childItemCount": 11,
            "isSelectEqual": true,
            "itemType": 0,
            "layoutType": 0,
            "selectMax": 0,
            "layoutTitle": "不定位",
            "selectMin": 1,
            "showRightMenuType": 0,
            "startNumber": 1
          }
        ],
        "mainType": "前三",
        "maxWinning": 0,
        "playTypeCode": "syx5_sanxing_bdw",
        "playTypeExplain": "从01-11中选择1个号码，每注由1个号码组成，只要开奖号码的万位，千位，百位中包含所选号码，即为中奖",
        "playTypeName": "不定位",
        "sampleBet": "投注方案：1 ",
        "sampleOpen": "开奖号码：前三个号码中至少出现一个1，即中前三一码不定位",
        "scheme": "前三",
        "singleExplain": "竞猜开奖号码中的前三位中的1个号码"
      }
    ],
    "parentTitle": "前三",
    "totalType": "官方玩法",
    "type": "前三"
  },
  {
    "mPlayBeans": [
      {
        "betCode": "syx5_sanxing_zhixuan_zsfs",
        "isRelation": true,
        "isSelected": false,
        "mLayoutBeans": [
          {
            "childItemCount": 11,
            "isSelectEqual": true,
            "itemType": 0,
            "layoutTitle": "千位",
            "layoutType": 0,
            "selectMax": 0,
            "selectMin": 1,
            "showRightMenuType": 0,
            "startNumber": 1
          },
          {
            "childItemCount": 11,
            "isSelectEqual": true,
            "itemType": 0,
            "layoutTitle": "百位",
            "layoutType": 0,
            "selectMax": 0,
            "selectMin": 1,
            "showRightMenuType": 0,
            "startNumber": 1
          },
          {
            "childItemCount": 11,
            "isSelectEqual": true,
            "itemType": 0,
            "layoutTitle": "十位",
            "layoutType": 0,
            "selectMax": 0,
            "selectMin": 1,
            "showRightMenuType": 0,
            "startNumber": 1
          }
        ],
        "mainType": "中三",
        "maxWinning": 0,
        "playTypeCode": "syx5_sanxing_zhixuan",
        "playTypeName": "直选复试",
        "scheme": "中三直选",
        "playTypeExplain": "从千、百、十位中至少各选择1个号码组成一注，所选号码与开奖号码全部相同，且顺序一致，即为中奖。",
        "sampleBet": "投注方案：03 04 05",
        "sampleOpen": "开奖号码：*，03，04，05 * 即中中三直选。",
        "singleExplain": "竞猜开奖号码中3位 "
      },
      {
        "betCode": "syx5_sanxing_zhixuan_zsds",
        "isRelation": true,
        "isSelected": false,
        "mLayoutBeans": [
          {
            "layoutType": 2,
            "selectMin": 6
          }
        ],
        "mainType": "中三",
        "maxWinning": 0,
        "playTypeCode": "syx5_sanxing_zhixuan",
        "playTypeExplain": "手动输入3个号码组成一注，所输入的号码与当期5个开奖号码中的中间3个号码相同，且顺序一致，即为中奖。",
        "playTypeName": "直选单式",
        "sampleBet": "投注方案：01 02 03 ",
        "sampleOpen": "开奖号码：* 01，02，03 * 即中中三直选。",
        "scheme": "直选单式",
        "singleExplain": "手动输入号码，至少输入三个号码组成一注。如：010203 "
      },
      {
        "betCode": "syx5_sanxing_zuxuan_zsfs",
        "isRelation": true,
        "isSelected": false,
        "mLayoutBeans": [
          {
            "childItemCount": 11,
            "isSelectEqual": true,
            "itemType": 0,
            "layoutType": 0,
            "selectMax": 0,
            "layoutTitle": "组选",
            "selectMin": 3,
            "showRightMenuType": 0,
            "startNumber": 1
          }
        ],
        "mainType": "中三",
        "maxWinning": 0,
        "playTypeCode": "syx5_sanxing_zuxuan",
        "playTypeName": "组选复式",
        "sampleBet": "投注方案：001 ",
        "scheme": "中三组选",
        "playTypeExplain": "从01-11中任意选择3个或3个以上号码组成一致，所选号码与当期5个开奖号码中的中3个号码相同，顺序不限，即为中奖。",
        "sampleOpen": "开奖号码：中三02，01，06（顺序不限）即中后三组选胆拖。",
        "singleExplain": "竞猜开奖号码中三位"
      },
      {
        "betCode": "syx5_sanxing_zuxuan_zsds",
        "isRelation": true,
        "isSelected": false,
        "mLayoutBeans": [
          {
            "layoutType": 2,
            "selectMin": 6
          }
        ],
        "mainType": "中三",
        "maxWinning": 0,
        "playTypeCode": "syx5_sanxing_zuxuan",
        "playTypeExplain": "手动输入3个号码组成一注，所输入的号码与当期5个开奖号码中的中间3个号码相同，顺序不限，即为中奖。",
        "playTypeName": "组选单式",
        "sampleBet": "投注方案：01 02 03 ",
        "sampleOpen": "开奖号码：* 01，02，03 * 顺序不限即中中三组选单式。",
        "scheme": "组选单式",
        "singleExplain": "手动输入号码，至少输入三个号码组成一注。如：010203"
      },
      {
        "betCode": "syx5_sanxing_zuxuan_zsdt",
        "isRelation": true,
        "isSelected": false,
        "mLayoutBeans": [
          {
            "childItemCount": 11,
            "isSelectEqual": false,
            "itemType": 0,
            "layoutTitle": "胆码",
            "layoutType": 0,
            "selectMax": 2,
            "selectMin": 1,
            "showRightMenuType": 2,
            "startNumber": 1
          },
          {
            "childItemCount": 11,
            "isSelectEqual": false,
            "itemType": 0,
            "layoutTitle": "拖码",
            "layoutType": 0,
            "selectMax": 0,
            "selectMin": 1,
            "showRightMenuType": 2,
            "startNumber": 1
          }
        ],
        "mainType": "中三",
        "maxWinning": 0,
        "playTypeCode": "syx5_sanxing_zuxuan",
        "playTypeExplain": "从01—11中各选3个或多个号码进行投注，每注需至少包括一个胆码及一个拖码，共3个号码，所选单注号码与当期5个开奖号码中的前3个号码相同，顺序不限，即为中奖。",
        "playTypeName": "组选胆拖",
        "sampleBet": "投注方案：胆码 02 拖码 01 06",
        "sampleOpen": "开奖号码：前三位02，01，06（顺序不限）即中中三组选胆拖。",
        "scheme": "中三组选",
        "singleExplain": "至少选择3号号码，其中胆码和拖码各至少一个。"
      },
      {
        "betCode": "syx5_sanxing_zsbdw",
        "isRelation": true,
        "isSelected": false,
        "mLayoutBeans": [
          {
            "childItemCount": 11,
            "isSelectEqual": true,
            "itemType": 0,
            "layoutType": 0,
            "layoutTitle": "不定位",
            "selectMax": 0,
            "selectMin": 1,
            "showRightMenuType": 0,
            "startNumber": 1
          }
        ],
        "mainType": "中三",
        "maxWinning": 0,
        "playTypeCode": "syx5_sanxing_bdw",
        "playTypeExplain": "从01-11中选择1个号码，每注由1个号码组成，只要开奖号码的万位，千位，百位中包含所选号码，即为中奖",
        "playTypeName": "不定位",
        "sampleBet": "投注方案：1 ",
        "sampleOpen": "开奖号码：中三个号码中至少出现一个1，即中中三一码不定位",
        "scheme": "中三",
        "singleExplain": "竞猜开奖号码中的前三位中的1个号码。"
      }
    ],
    "parentTitle": "中三",
    "totalType": "官方玩法",
    "type": "中三"
  },
  {
    "mPlayBeans": [
      {
        "betCode": "syx5_renxuan_one_onefs",
        "isRelation": true,
        "isSelected": false,
        "mLayoutBeans": [
          {
            "childItemCount": 11,
            "isSelectEqual": true,
            "itemType": 0,
            "layoutType": 0,
            "selectMax": 0,
            "layoutTitle": "一中一",
            "selectMin": 1,
            "showRightMenuType": 0,
            "startNumber": 1
          }
        ],
        "mainType": "任选",
        "maxWinning": 0,
        "playTypeCode": "syx5_renxuanfs",
        "playTypeExplain": "从01-11共11号码中选择1个号码进行购买，只要当前顺序摇出的5个开奖号码中包含所选号码。即为中奖。",
        "playTypeName": "任选一中一",
        "sampleBet": "投注方案：05 ",
        "sampleOpen": "开奖号码：08 04 11 05 03，即中一中一",
        "scheme": "任选复式",
        "singleExplain": "竞猜开奖号码中的1位，至少选1个号码"
      },
      {
        "betCode": "syx5_renxuan_two_twofs",
        "isRelation": true,
        "isSelected": false,
        "mLayoutBeans": [
          {
            "childItemCount": 11,
            "isSelectEqual": true,
            "itemType": 0,
            "layoutType": 0,
            "selectMax": 0,
            "layoutTitle": "二中二",
            "selectMin": 2,
            "showRightMenuType": 0,
            "startNumber": 1
          }
        ],
        "mainType": "任选",
        "maxWinning": 0,
        "playTypeCode": "syx5_renxuanfs",
        "playTypeExplain": "从01-11共11号码中选择2个号码进行购买，只要当前顺序摇出的5个开奖号码中包含所选号码。即为中奖。",
        "playTypeName": "任选二中二",
        "sampleBet": "投注方案：05 04 ",
        "sampleOpen": "开奖号码：08 04 11 05 03，即中二中二",
        "scheme": "任选复式",
        "singleExplain": "竞猜开奖号码中的2位，至少选2个号码"
      },
      {
        "betCode": "syx5_renxuan_three_threefs",
        "isRelation": true,
        "isSelected": false,
        "mLayoutBeans": [
          {
            "childItemCount": 11,
            "isSelectEqual": true,
            "itemType": 0,
            "layoutType": 0,
            "selectMax": 0,
            "layoutTitle": "三中三",
            "selectMin": 3,
            "showRightMenuType": 0,
            "startNumber": 1
          }
        ],
        "mainType": "任选",
        "maxWinning": 0,
        "playTypeCode": "syx5_renxuanfs",
        "playTypeExplain": "从01-11共11号码中选择3个号码进行购买，只要当前顺序摇出的5个开奖号码中包含所选号码。即为中奖。",
        "playTypeName": "任选三中三",
        "sampleBet": "投注方案：05 04 11 ",
        "sampleOpen": "开奖号码：08 04 05 11 03，即中三中三。",
        "scheme": "任选复式",
        "singleExplain": "竞猜开奖号码中的3位，至少选3个号码"
      },
      {
        "betCode": "syx5_renxuan_four_fourfs",
        "isRelation": true,
        "isSelected": false,
        "mLayoutBeans": [
          {
            "childItemCount": 11,
            "isSelectEqual": true,
            "itemType": 0,
            "layoutType": 0,
            "selectMax": 0,
            "layoutTitle": "四中四",
            "selectMin": 4,
            "showRightMenuType": 0,
            "startNumber": 1
          }
        ],
        "mainType": "任选",
        "maxWinning": 0,
        "playTypeCode": "syx5_renxuanfs",
        "playTypeExplain": "从01-11共11号码中选择4个号码进行购买，只要当前顺序摇出的5个开奖号码中包含所选号码。即为中奖。",
        "playTypeName": "任选四中四",
        "sampleBet": "投注方案：05 04 08 03 ",
        "sampleOpen": "开奖号码：08 04 11 05 03，即中四中四。",
        "scheme": "任选复式",
        "singleExplain": "竞猜开奖号码中的4位，至少选4个号码"
      },
      {
        "betCode": "syx5_renxuan_five_fivefs",
        "isRelation": true,
        "isSelected": false,
        "mLayoutBeans": [
          {
            "childItemCount": 11,
            "isSelectEqual": true,
            "itemType": 0,
            "layoutType": 0,
            "selectMax": 0,
            "layoutTitle": "五中五",
            "selectMin": 5,
            "showRightMenuType": 0,
            "startNumber": 1
          }
        ],
        "mainType": "任选",
        "maxWinning": 0,
        "playTypeCode": "syx5_renxuanfs",
        "playTypeExplain": "从01-11共11号码中选择5个号码进行购买，只要当前顺序摇出的5个开奖号码中包含所选号码。即为中奖。",
        "playTypeName": "任选五中五",
        "sampleBet": "投注方案：05 04 08 11 03 ",
        "sampleOpen": "开奖号码：08 04 11 05 03，即中五中五。",
        "scheme": "任选复式",
        "singleExplain": "竞猜开奖号码中的5位，至少选5个号码"
      },
      {
        "betCode": "syx5_renxuan_six_fivefs",
        "isRelation": true,
        "isSelected": false,
        "mLayoutBeans": [
          {
            "childItemCount": 11,
            "isSelectEqual": true,
            "itemType": 0,
            "layoutType": 0,
            "selectMax": 0,
            "layoutTitle": "六中五",
            "selectMin": 6,
            "showRightMenuType": 0,
            "startNumber": 1
          }
        ],
        "mainType": "任选",
        "maxWinning": 0,
        "playTypeCode": "syx5_renxuanfs",
        "playTypeExplain": "从01-11共11号码中选择6个号码进行购买，只要当前顺序摇出的5个开奖号码中包含所选号码。即为中奖。",
        "playTypeName": "任选六中五",
        "sampleBet": "投注方案：05 10 04 08 11 03 ",
        "sampleOpen": "开奖号码：08 04 11 05 03，即中六中五。",
        "scheme": "任选复式",
        "singleExplain": "竞猜开奖号码中的5位，至少选6个号码"
      },
      {
        "betCode": "syx5_renxuan_seven_fivefs",
        "isRelation": true,
        "isSelected": false,
        "mLayoutBeans": [
          {
            "childItemCount": 11,
            "isSelectEqual": true,
            "itemType": 0,
            "layoutType": 0,
            "selectMax": 0,
            "layoutTitle": "七中五",
            "selectMin": 7,
            "showRightMenuType": 0,
            "startNumber": 1
          }
        ],
        "mainType": "任选",
        "maxWinning": 0,
        "playTypeCode": "syx5_renxuanfs",
        "playTypeExplain": "从01-11共11号码中选择7个号码进行购买，只要当前顺序摇出的5个开奖号码中包含所选号码。即为中奖。",
        "playTypeName": "任选七中五",
        "sampleBet": "投注方案：05 04 03 11 08 07 09 ",
        "sampleOpen": "开奖号码：08 04 11 05 03，即中七中五",
        "scheme": "任选复式",
        "singleExplain": "竞猜开奖号码中的5位，至少选7个号码"
      },
      {
        "betCode": "syx5_renxuan_eight_fivefs",
        "isRelation": true,
        "isSelected": false,
        "mLayoutBeans": [
          {
            "childItemCount": 11,
            "isSelectEqual": true,
            "itemType": 0,
            "layoutType": 0,
            "selectMax": 0,
            "layoutTitle": "八中五",
            "selectMin": 8,
            "showRightMenuType": 0,
            "startNumber": 1
          }
        ],
        "mainType": "任选",
        "maxWinning": 0,
        "playTypeCode": "syx5_renxuanfs",
        "playTypeExplain": "从01-11共11号码中选择8个号码进行购买，只要当前顺序摇出的5个开奖号码中包含所选号码。即为中奖。",
        "playTypeName": "任选八中五",
        "sampleBet": "投注方案：05 04 11 03 08 07 09 06 ",
        "sampleOpen": "开奖号码：08 04 11 05 03，即中8中五。",
        "scheme": "任选复式",
        "singleExplain": "竞猜开奖号码中的5位，至少选8个号码"
      }
    ],
    "parentTitle": "任选",
    "totalType": "官方玩法",
    "type": "任选复式"
  },
  {
    "mPlayBeans": [
      {
        "betCode": "syx5_renxuan_two_twodt",
        "isRelation": true,
        "isSelected": false,
        "mLayoutBeans": [
          {
            "childItemCount": 11,
            "isSelectEqual": false,
            "itemType": 0,
            "layoutTitle": "胆码",
            "layoutType": 0,
            "selectMax": 1,
            "selectMin": 1,
            "showRightMenuType": 2,
            "startNumber": 1
          },
          {
            "childItemCount": 11,
            "isSelectEqual": false,
            "itemType": 0,
            "layoutTitle": "拖码",
            "layoutType": 0,
            "selectMax": 0,
            "selectMin": 1,
            "showRightMenuType": 2,
            "startNumber": 1
          }
        ],
        "mainType": "任选胆拖",
        "maxWinning": 0,
        "playTypeCode": "syx5_renxuandt",
        "playTypeExplain": "从01-11共11个号码中至少选择2个以上号码进行投注，每注需至少包括1个胆码及1个托码。只要当前的5个开奖号码中有两个包含所选号码（每注包含2个号码），即为中奖。",
        "playTypeName": "任选二中二",
        "sampleBet": "投注方案：05 04 ",
        "sampleOpen": "开奖号码：08 04 11 05 03,即中二中二。",
        "scheme": "任选复式",
        "singleExplain": "至少选择2个号码，其中胆码至少一个。"
      },
      {
        "betCode": "syx5_renxuan_three_threedt",
        "isRelation": true,
        "isSelected": false,
        "mLayoutBeans": [
          {
            "childItemCount": 11,
            "isSelectEqual": false,
            "itemType": 0,
            "layoutTitle": "胆码",
            "layoutType": 0,
            "selectMax": 2,
            "selectMin": 1,
            "showRightMenuType": 2,
            "startNumber": 1
          },
          {
            "childItemCount": 11,
            "isSelectEqual": false,
            "itemType": 0,
            "layoutTitle": "拖码",
            "layoutType": 0,
            "selectMax": 0,
            "selectMin": 1,
            "showRightMenuType": 2,
            "startNumber": 1
          }
        ],
        "mainType": "任选胆拖",
        "maxWinning": 0,
        "playTypeCode": "syx5_renxuandt",
        "playTypeExplain": "从01-11共11个号码中至少选择3个以上号码进行投注，每注需至少包括1个胆码及2个托码。只要当前的5个开奖号码中有三个包含所选号码（每注包含3个号码），即为中奖。",
        "playTypeName": "任选三中三",
        "sampleBet": "投注方案：05 04 11",
        "sampleOpen": "开奖号码：08 04 11 05 03，即中三中三",
        "scheme": "任选复式",
        "singleExplain": "至少选择3个号码，其中胆码至少一个。"
      },
      {
        "betCode": "syx5_renxuan_four_fourdt",
        "isRelation": true,
        "isSelected": false,
        "mLayoutBeans": [
          {
            "childItemCount": 11,
            "isSelectEqual": false,
            "itemType": 0,
            "layoutTitle": "胆码",
            "layoutType": 0,
            "selectMax": 3,
            "selectMin": 1,
            "showRightMenuType": 2,
            "startNumber": 1
          },
          {
            "childItemCount": 11,
            "isSelectEqual": false,
            "itemType": 0,
            "layoutTitle": "拖码",
            "layoutType": 0,
            "selectMax": 0,
            "selectMin": 1,
            "showRightMenuType": 2,
            "startNumber": 1
          }
        ],
        "mainType": "任选胆拖",
        "maxWinning": 0,
        "playTypeCode": "syx5_renxuandt",
        "playTypeExplain": "从01-11共11个号码中至少选择4个以上号码进行投注，每注需至少包括1个胆码及3个托码。只要当前的5个开奖号码中有四个包含所选号码（每注包含4个号码），即为中奖。",
        "playTypeName": "任选四中四",
        "sampleBet": "投注方案：05 04 11 03 ",
        "sampleOpen": "开奖号码：08 04 11 05 03，即中四中四",
        "scheme": "任选复式",
        "singleExplain": "至少选择4个号码，其中胆码至少一个。"
      },
      {
        "betCode": "syx5_renxuan_five_fivedt",
        "isRelation": true,
        "isSelected": false,
        "mLayoutBeans": [
          {
            "childItemCount": 11,
            "isSelectEqual": false,
            "itemType": 0,
            "layoutTitle": "胆码",
            "layoutType": 0,
            "selectMax": 4,
            "selectMin": 1,
            "showRightMenuType": 2,
            "startNumber": 1
          },
          {
            "childItemCount": 11,
            "isSelectEqual": false,
            "itemType": 0,
            "layoutTitle": "拖码",
            "layoutType": 0,
            "selectMax": 0,
            "selectMin": 1,
            "showRightMenuType": 2,
            "startNumber": 1
          }
        ],
        "mainType": "任选胆拖",
        "maxWinning": 0,
        "playTypeCode": "syx5_renxuandt",
        "playTypeExplain": "从01-11共11个号码中至少选择5个以上号码进行投注，每注需至少包括1个胆码及4个托码。只要当前的5个开奖号码中有五个包含所选号码（每注包含5个号码），即为中奖。",
        "playTypeName": "任选五中五",
        "sampleBet": "投注方案：05 04 11 03 08 ",
        "sampleOpen": "开奖号码：08 04 11 05 03，即中五中五",
        "scheme": "任选复式",
        "singleExplain": "至少选择5个号码，其中胆码至少一个。"
      },
      {
        "betCode": "syx5_renxuan_six_fivedt",
        "isRelation": true,
        "isSelected": false,
        "mLayoutBeans": [
          {
            "childItemCount": 11,
            "isSelectEqual": false,
            "itemType": 0,
            "layoutTitle": "胆码",
            "layoutType": 0,
            "selectMax": 5,
            "selectMin": 1,
            "showRightMenuType": 2,
            "startNumber": 1
          },
          {
            "childItemCount": 11,
            "isSelectEqual": false,
            "itemType": 0,
            "layoutTitle": "拖码",
            "layoutType": 0,
            "selectMax": 0,
            "selectMin": 1,
            "showRightMenuType": 2,
            "startNumber": 1
          }
        ],
        "mainType": "任选胆拖",
        "maxWinning": 0,
        "playTypeCode": "syx5_renxuandt",
        "playTypeExplain": "从01-11共11个号码中至少选择6个以上号码进行投注，每注需至少包括1个胆码及5个托码。只要所选的每注6个号码包含当中的5个开奖号码，即为中奖。",
        "playTypeName": "任选六中五",
        "sampleBet": "投注方案：05 10 04 11 03 08 ",
        "sampleOpen": "开奖号码：08 04 11 05 03，即中六中五。",
        "scheme": "任选复式",
        "singleExplain": "至少选择6个号码，其中胆码至少一个"
      },
      {
        "betCode": "syx5_renxuan_seven_fivedt",
        "isRelation": true,
        "isSelected": false,
        "mLayoutBeans": [
          {
            "childItemCount": 11,
            "isSelectEqual": false,
            "itemType": 0,
            "layoutTitle": "胆码",
            "layoutType": 0,
            "selectMax": 6,
            "selectMin": 1,
            "showRightMenuType": 2,
            "startNumber": 1
          },
          {
            "childItemCount": 11,
            "isSelectEqual": false,
            "itemType": 0,
            "layoutTitle": "拖码",
            "layoutType": 0,
            "selectMax": 0,
            "selectMin": 1,
            "showRightMenuType": 2,
            "startNumber": 1
          }
        ],
        "mainType": "任选胆拖",
        "maxWinning": 0,
        "playTypeCode": "syx5_renxuandt",
        "playTypeExplain": "从01-11共11个号码中至少选择7个以上号码进行投注，每注需至少包括1个胆码及6个托码。只要所选的每注7个号码包含当中的5个开奖号码，即为中奖。",
        "playTypeName": "任选七中五",
        "sampleBet": "投注方案：05 10 04 11 03 08 06 ",
        "sampleOpen": "开奖号码：08 04 11 05 03，即中七中五。",
        "scheme": "任选复式",
        "singleExplain": "至少选择7个号码，其中胆码至少一个"
      },
      {
        "betCode": "syx5_renxuan_eight_fivedt",
        "isRelation": true,
        "isSelected": false,
        "mLayoutBeans": [
          {
            "childItemCount": 11,
            "isSelectEqual": false,
            "itemType": 0,
            "layoutTitle": "胆码",
            "layoutType": 0,
            "selectMax": 7,
            "selectMin": 1,
            "showRightMenuType": 2,
            "startNumber": 1
          },
          {
            "childItemCount": 11,
            "isSelectEqual": false,
            "itemType": 0,
            "layoutTitle": "拖码",
            "layoutType": 0,
            "selectMax": 0,
            "selectMin": 1,
            "showRightMenuType": 2,
            "startNumber": 1
          }
        ],
        "mainType": "任选胆拖",
        "maxWinning": 0,
        "playTypeCode": "syx5_renxuandt",
        "playTypeExplain": "从01-11共11个号码中至少选择8个以上号码进行投注，每注需至少包括1个胆码及7个托码。只要所选的每注8个号码包含当中的5个开奖号码，即为中奖。",
        "playTypeName": "任选八中五",
        "sampleBet": "投注方案：投注方案：05 10 04 11 03 08 06 09 ",
        "sampleOpen": "开奖号码：08 04 11 05 03，即中八中五。",
        "scheme": "任选复式",
        "singleExplain": "至少选择8个号码，其中胆码至少一个"
      }
    ],
    "parentTitle": "任选",
    "totalType": "官方玩法",
    "type": "任选胆拖"
  },
  {
    "mPlayBeans": [
      {
        "betCode": "syx5_erxing_zhixuan_hefs",
        "isRelation": true,
        "isSelected": false,
        "mLayoutBeans": [
          {
            "childItemCount": 11,
            "isSelectEqual": true,
            "itemType": 0,
            "layoutTitle": "十位",
            "layoutType": 0,
            "selectMax": 0,
            "selectMin": 1,
            "showRightMenuType": 0,
            "startNumber": 1
          },
          {
            "childItemCount": 11,
            "isSelectEqual": true,
            "itemType": 0,
            "layoutTitle": "个位",
            "layoutType": 0,
            "selectMax": 0,
            "selectMin": 1,
            "showRightMenuType": 0,
            "startNumber": 1
          }
        ],
        "mainType": "后二",
        "maxWinning": 0,
        "playTypeCode": "syx5_erxing_zhixuan",
        "playTypeExplain": "从十、个位中至少各选择1个号码（不重复）组成一注，所选号码与开奖号码后2位全部相同，且顺序一致，即为中奖。",
        "playTypeName": "直选复式",
        "sampleBet": "投注方案：05 08 ",
        "sampleOpen": "开奖号码：后二位05 08，即中后二直选。",
        "scheme": "后二直选",
        "singleExplain": "竞猜开奖号码后两2位"
      },
      {
        "betCode": "syx5_erxing_zhixuan_heds",
        "isRelation": true,
        "isSelected": false,
        "mLayoutBeans": [
          {
            "layoutType": 2,
            "selectMin": 4
          }
        ],
        "mainType": "后二",
        "maxWinning": 0,
        "playTypeCode": "syx5_erxing_zhixuan",
        "playTypeExplain": "手动输入2个号码组成一注，所输入的号码与当期5个开奖号码中的后2个号码相同，顺序一致，即为中奖。",
        "playTypeName": "直选单式",
        "sampleBet": "投注方案：01 02  ",
        "sampleOpen": "开奖号码：01，02，* * * 即中后二直选。",
        "scheme": "后二直选",
        "singleExplain": "手动输入号码，至少输入2个号码组成一注。如：0102"
      },
      {
        "betCode": "syx5_erxing_zuxuan_hefs",
        "isRelation": true,
        "isSelected": false,
        "mLayoutBeans": [
          {
            "childItemCount": 11,
            "isSelectEqual": true,
            "itemType": 0,
            "layoutTitle": "组选",
            "layoutType": 0,
            "selectMax": 0,
            "selectMin": 2,
            "showRightMenuType": 0,
            "startNumber": 1
          }
        ],
        "mainType": "后二",
        "maxWinning": 0,
        "playTypeCode": "syx5_erxing_zuxuan",
        "playTypeExplain": "从十、个位中至少各选择1个号码（不重复）组成一注，所选号码与开奖号码后2位全部相同，顺序不限，即为中奖。",
        "playTypeName": "组选复式",
        "sampleBet": "投注方案：05 08",
        "sampleOpen": "开奖号码：后二位08 05，即中后二直选。",
        "scheme": "后二组选",
        "singleExplain": "竞猜开奖号码后2位"
      },
      {
        "betCode": "syx5_erxing_zuxuan_heds",
        "isRelation": true,
        "isSelected": false,
        "mLayoutBeans": [
          {
            "layoutType": 2,
            "selectMin": 4
          }
        ],
        "mainType": "后二",
        "maxWinning": 0,
        "playTypeCode": "syx5_erxing_zuxuan",
        "playTypeExplain": "手动输入2个号码组成一注，所输入的号码与当期5个开奖号码中的后2个号码相同，顺序不限，即为中奖。",
        "playTypeName": "组选单式",
        "sampleBet": "投注方案：01 02  ",
        "sampleOpen": "开奖号码：* * * 01 02 （后二顺序不限）即中后二直选。",
        "scheme": "后二组选",
        "singleExplain": "手动输入号码，至少输入2个号码组成一注。如：0102"
      },
      {
        "betCode": "syx5_erxing_zuxuan_hedt",
        "isRelation": true,
        "isSelected": false,
        "mLayoutBeans": [
          {
            "childItemCount": 11,
            "isSelectEqual": false,
            "itemType": 0,
            "layoutTitle": "胆码",
            "layoutType": 0,
            "selectMax": 1,
            "selectMin": 1,
            "showRightMenuType": 2,
            "splitCharacter": "|",
            "startNumber": 1
          },
          {
            "childItemCount": 11,
            "isSelectEqual": false,
            "itemType": 0,
            "layoutTitle": "拖码",
            "layoutType": 0,
            "selectMax": 0,
            "selectMin": 1,
            "showRightMenuType": 2,
            "splitCharacter": "|",
            "startNumber": 1
          }
        ],
        "mainType": "后二",
        "maxWinning": 0,
        "playTypeCode": "syx5_erxing_zuxuan",
        "playTypeExplain": "从01-11共11个号码中至少选择2个以上号码进行投注，每注需至少包括1个胆码及1个托码。所选注单号码与开奖号码的十位，个位相同，顺序不限，即为中奖。",
        "playTypeName": "组选胆拖",
        "sampleBet": "投注方案：胆码 02 拖码 01",
        "sampleOpen": "开奖号码：02，01（后二顺序不限）即中后二组选胆拖。",
        "scheme": "后二组选",
        "singleExplain": "竞猜开奖号码后2位"
      }
    ],
    "parentTitle": "后二",
    "totalType": "官方玩法",
    "type": "后二"
  },
  {
    "mPlayBeans": [
      {
        "betCode": "syx5_erxing_zhixuan_qefs",
        "isRelation": true,
        "isSelected": false,
        "mLayoutBeans": [
          {
            "childItemCount": 11,
            "isSelectEqual": true,
            "itemType": 0,
            "layoutTitle": "万位",
            "layoutType": 0,
            "selectMax": 0,
            "selectMin": 1,
            "showRightMenuType": 0,
            "startNumber": 1
          },
          {
            "childItemCount": 11,
            "isSelectEqual": true,
            "itemType": 0,
            "layoutTitle": "千位",
            "layoutType": 0,
            "selectMax": 0,
            "selectMin": 1,
            "showRightMenuType": 0,
            "startNumber": 1
          }
        ],
        "mainType": "前二",
        "maxWinning": 0,
        "playTypeCode": "syx5_erxing_zhixuan",
        "playTypeExplain": "从十、个位中至少各选择1个号码组成一注，所选号码与开奖号码全部相同，且顺序一致，即为中奖。",
        "playTypeName": "直选复式",
        "sampleBet": "投注方案：345 ",
        "sampleOpen": "开奖号码后三位：345，即中后三位直选。",
        "scheme": "前二直选",
        "singleExplain": "从百位、十位、个位各选一个号码组成一注。"
      },
      {
        "betCode": "syx5_erxing_zhixuan_qeds",
        "isRelation": true,
        "isSelected": false,
        "mLayoutBeans": [
          {
            "layoutType": 2,
            "selectMin": 4
          }
        ],
        "mainType": "前二",
        "maxWinning": 0,
        "playTypeCode": "syx5_erxing_zhixuan",
        "playTypeExplain": "手动输入2个号码组成一注，所输入的号码与当期5个开奖号码中的前2个号码相同，且顺序一致，即为中奖。",
        "playTypeName": "直选单式",
        "sampleBet": "投注方案：01 02  ",
        "sampleOpen": "开奖号码：01，02，* * * 即中前二直选。",
        "scheme": "前二直选",
        "singleExplain": "手动输入号码，至少输入2个号码组成一注。如：0102。"
      },
      {
        "betCode": "syx5_erxing_zuxuan_qefs",
        "isRelation": true,
        "isSelected": false,
        "mLayoutBeans": [
          {
            "childItemCount": 11,
            "isSelectEqual": true,
            "itemType": 0,
            "layoutTitle": "组选",
            "layoutType": 0,
            "selectMax": 0,
            "selectMin": 2,
            "showRightMenuType": 0,
            "startNumber": 1
          }
        ],
        "mainType": "前二",
        "maxWinning": 0,
        "playTypeCode": "syx5_erxing_zuxuan",
        "playTypeExplain": "从万、千位中至少各选择1个号码（不重复）组成一注，所选号码与开奖号码前2位全部相同，顺序不限，即为中奖。",
        "playTypeName": "组选复式",
        "sampleBet": "投注方案：01 02 ",
        "sampleOpen": "开奖号码：01 02 05 09 06 (前二顺序不限)即中前二组选。",
        "scheme": "前二组选",
        "singleExplain": "竞猜开奖前2号码"
      },
      {
        "betCode": "syx5_erxing_zuxuan_qeds",
        "isRelation": true,
        "isSelected": false,
        "mLayoutBeans": [
          {
            "layoutType": 2,
            "selectMin": 4
          }
        ],
        "mainType": "前二",
        "maxWinning": 0,
        "playTypeCode": "syx5_erxing_zuxuan",
        "playTypeExplain": "手动输入2个号码组成一注，所输入的号码与当期5个开奖号码中的前2个号码相同，顺序不限，即为中奖。",
        "playTypeName": "组选单式",
        "sampleBet": "投注方案：01 02  ",
        "sampleOpen": "开奖号码：01，02，* * * （前二顺序不限）即中前二直选。",
        "scheme": "前二组选",
        "singleExplain": "手动输入号码，至少输入2个号码组成一注。如：0102。"
      },
      {
        "betCode": "syx5_erxing_zuxuan_qedt",
        "isRelation": true,
        "isSelected": false,
        "mLayoutBeans": [
          {
            "childItemCount": 11,
            "isSelectEqual": false,
            "itemType": 0,
            "layoutTitle": "胆码",
            "layoutType": 0,
            "selectMax": 1,
            "selectMin": 1,
            "showRightMenuType": 2,
            "splitCharacter": "|",
            "startNumber": 1
          },
          {
            "childItemCount": 11,
            "isSelectEqual": false,
            "itemType": 0,
            "layoutTitle": "拖码",
            "layoutType": 0,
            "selectMax": 0,
            "selectMin": 1,
            "showRightMenuType": 2,
            "splitCharacter": "|",
            "startNumber": 1
          }
        ],
        "mainType": "前二",
        "maxWinning": 0,
        "playTypeCode": "syx5_erxing_zuxuan",
        "playTypeExplain": "从01-11共11个号码中至少选择2个以上号码进行投注，每注需至少包括1个胆码及1个托码。所选注单号码与开奖号码的万位，千位相同，顺序不限，即为中奖。",
        "playTypeName": "组选胆拖",
        "sampleBet": "投注方案：胆码 02 拖码 01 ",
        "sampleOpen": "开奖号码：02 01 05 08 09（前二顺序不限）即中前二组选胆拖。",
        "scheme": "前二组选",
        "singleExplain": "竞猜开奖前2号码"
      }
    ],
    "parentTitle": "前二",
    "totalType": "官方玩法",
    "type": "前二"
  },
  {
    "mPlayBeans": [
      {
        "betCode": "syx5_yixing_dwd",
        "isRelation": false,
        "isSelected": false,
        "mLayoutBeans": [
          {
            "childItemCount": 11,
            "isSelectEqual": true,
            "itemType": 0,
            "layoutTitle": "万位",
            "layoutType": 0,
            "selectMax": 0,
            "selectMin": 1,
            "showRightMenuType": 0,
            "startNumber": 1
          },
          {
            "childItemCount": 11,
            "isSelectEqual": true,
            "itemType": 0,
            "layoutTitle": "千位",
            "layoutType": 0,
            "selectMax": 0,
            "selectMin": 1,
            "showRightMenuType": 0,
            "startNumber": 1
          },
          {
            "childItemCount": 11,
            "isSelectEqual": true,
            "itemType": 0,
            "layoutTitle": "百位",
            "layoutType": 0,
            "selectMax": 0,
            "selectMin": 1,
            "showRightMenuType": 0,
            "startNumber": 1
          },
          {
            "childItemCount": 11,
            "isSelectEqual": true,
            "itemType": 0,
            "layoutTitle": "十位",
            "layoutType": 0,
            "selectMax": 0,
            "selectMin": 1,
            "showRightMenuType": 0,
            "startNumber": 1
          },
          {
            "childItemCount": 11,
            "isSelectEqual": true,
            "itemType": 0,
            "layoutTitle": "个位",
            "layoutType": 0,
            "selectMax": 0,
            "selectMin": 1,
            "showRightMenuType": 0,
            "startNumber": 1
          }
        ],
        "mainType": "定位胆",
        "maxWinning": 0,
        "playTypeCode": "syx5_yixing",
        "playTypeExplain": "从万，千，百，十、个位任意位置上至少选择1个或以上号码，所选号码与相同位置上开奖号码一致，即为中奖。",
        "playTypeName": "定位胆",
        "sampleBet": "投注方案：万位01 ",
        "sampleOpen": "开奖号码：万位01，，即中定位胆万位。",
        "scheme": "定位胆",
        "singleExplain": "至少选择一个号码"
      }
    ],
    "parentTitle": "定位胆",
    "totalType": "官方玩法",
    "type": "定位胆"
  }
]